"","Date","Borough","cd","Cases","Individuals"
"1",2017-04-30,"Bronx","201",723,273
"2",2017-04-30,"Bronx","202",501,15
"3",2017-04-30,"Bronx","203",731,267
"4",2017-04-30,"Bronx","204",845,490
"5",2017-04-30,"Bronx","205",807,446
"6",2017-04-30,"Bronx","206",623,168
"7",2017-04-30,"Bronx","207",611,114
"8",2017-04-30,"Bronx","208",231,761
"9",2017-04-30,"Bronx","209",741,284
"10",2017-04-30,"Bronx","210",283,854
"11",2017-04-30,"Bronx","211",391,1061
"12",2017-04-30,"Bronx","212",681,195
"13",2017-04-30,"Brooklyn","301",336,903
"14",2017-04-30,"Brooklyn","302",313,814
"15",2017-04-30,"Brooklyn","303",9,455
"16",2017-04-30,"Brooklyn","304",494,1161
"17",2017-04-30,"Brooklyn","305",50,575
"18",2017-04-30,"Brooklyn","306",209,731
"19",2017-04-30,"Brooklyn","307",182,684
"20",2017-04-30,"Brooklyn","308",523,1178
"21",2017-04-30,"Brooklyn","309",340,913
"22",2017-04-30,"Brooklyn","310",564,323
"23",2017-04-30,"Brooklyn","311",790,395
"24",2017-04-30,"Brooklyn","312",761,378
"25",2017-04-30,"Brooklyn","313",262,807
"26",2017-04-30,"Brooklyn","314",335,905
"27",2017-04-30,"Brooklyn","315",156,603
"28",2017-04-30,"Brooklyn","316",717,209
"29",2017-04-30,"Brooklyn","317",569,45
"30",2017-04-30,"Brooklyn","318",410,1058
"31",2017-04-30,"Manhattan","101",250,817
"32",2017-04-30,"Manhattan","102",390,808
"33",2017-04-30,"Manhattan","103",417,1007
"34",2017-04-30,"Manhattan","104",254,692
"35",2017-04-30,"Manhattan","105",179,378
"36",2017-04-30,"Manhattan","106",838,358
"37",2017-04-30,"Manhattan","107",287,806
"38",2017-04-30,"Manhattan","108",583,1140
"39",2017-04-30,"Manhattan","109",447,1030
"40",2017-04-30,"Manhattan","110",701,144
"41",2017-04-30,"Manhattan","111",727,137
"42",2017-04-30,"Manhattan","112",457,1074
"43",2017-04-30,"Queens","401",526,1025
"44",2017-04-30,"Queens","402",233,622
"45",2017-04-30,"Queens","403",214,724
"46",2017-04-30,"Queens","404",180,682
"47",2017-04-30,"Queens","405",199,745
"48",2017-04-30,"Queens","406",319,780
"49",2017-04-30,"Queens","407",851,395
"50",2017-04-30,"Queens","408",171,612
"51",2017-04-30,"Queens","409",231,755
"52",2017-04-30,"Queens","410",198,731
"53",2017-04-30,"Queens","411",183,402
"54",2017-04-30,"Queens","412",730,202
"55",2017-04-30,"Queens","413",354,953
"56",2017-04-30,"Queens","414",502,1176
"57",2017-05-31,"Bronx","201",715,255
"58",2017-05-31,"Bronx","202",500,14
"59",2017-05-31,"Bronx","203",719,263
"60",2017-05-31,"Bronx","204",841,481
"61",2017-05-31,"Bronx","205",801,441
"62",2017-05-31,"Bronx","206",634,174
"63",2017-05-31,"Bronx","207",617,116
"64",2017-05-31,"Bronx","208",237,762
"65",2017-05-31,"Bronx","209",759,308
"66",2017-05-31,"Bronx","210",289,853
"67",2017-05-31,"Bronx","211",395,1058
"68",2017-05-31,"Bronx","212",682,187
"69",2017-05-31,"Brooklyn","301",329,889
"70",2017-05-31,"Brooklyn","302",326,844
"71",2017-05-31,"Brooklyn","303",23,470
"72",2017-05-31,"Brooklyn","304",493,1156
"73",2017-05-31,"Brooklyn","305",53,572
"74",2017-05-31,"Brooklyn","306",206,721
"75",2017-05-31,"Brooklyn","307",175,659
"76",2017-05-31,"Brooklyn","308",521,1169
"77",2017-05-31,"Brooklyn","309",343,918
"78",2017-05-31,"Brooklyn","310",567,326
"79",2017-05-31,"Brooklyn","311",716,377
"80",2017-05-31,"Brooklyn","312",821,397
"81",2017-05-31,"Brooklyn","313",255,803
"82",2017-05-31,"Brooklyn","314",338,898
"83",2017-05-31,"Brooklyn","315",154,417
"84",2017-05-31,"Brooklyn","316",719,204
"85",2017-05-31,"Brooklyn","317",570,41
"86",2017-05-31,"Brooklyn","318",414,1059
"87",2017-05-31,"Manhattan","101",246,813
"88",2017-05-31,"Manhattan","102",374,794
"89",2017-05-31,"Manhattan","103",408,996
"90",2017-05-31,"Manhattan","104",244,688
"91",2017-05-31,"Manhattan","105",190,389
"92",2017-05-31,"Manhattan","106",851,355
"93",2017-05-31,"Manhattan","107",278,802
"94",2017-05-31,"Manhattan","108",607,319
"95",2017-05-31,"Manhattan","109",445,1027
"96",2017-05-31,"Manhattan","110",701,138
"97",2017-05-31,"Manhattan","111",723,136
"98",2017-05-31,"Manhattan","112",460,1069
"99",2017-05-31,"Queens","401",523,1022
"100",2017-05-31,"Queens","402",247,638
"101",2017-05-31,"Queens","403",211,725
"102",2017-05-31,"Queens","404",190,697
"103",2017-05-31,"Queens","405",207,751
"104",2017-05-31,"Queens","406",341,780
"105",2017-05-31,"Queens","407",846,388
"106",2017-05-31,"Queens","408",163,596
"107",2017-05-31,"Queens","409",233,757
"108",2017-05-31,"Queens","410",195,728
"109",2017-05-31,"Queens","411",183,391
"110",2017-05-31,"Queens","412",729,197
"111",2017-05-31,"Queens","413",347,935
"112",2017-05-31,"Queens","414",498,1157
"113",2017-06-30,"Bronx","201",738,249
"114",2017-06-30,"Bronx","202",494,7
"115",2017-06-30,"Bronx","203",703,240
"116",2017-06-30,"Bronx","204",847,490
"117",2017-06-30,"Bronx","205",793,431
"118",2017-06-30,"Bronx","206",626,167
"119",2017-06-30,"Bronx","207",614,112
"120",2017-06-30,"Bronx","208",236,765
"121",2017-06-30,"Bronx","209",741,294
"122",2017-06-30,"Bronx","210",302,875
"123",2017-06-30,"Bronx","211",402,1058
"124",2017-06-30,"Bronx","212",706,201
"125",2017-06-30,"Brooklyn","301",316,866
"126",2017-06-30,"Brooklyn","302",317,843
"127",2017-06-30,"Brooklyn","303",5,443
"128",2017-06-30,"Brooklyn","304",476,1138
"129",2017-06-30,"Brooklyn","305",45,558
"130",2017-06-30,"Brooklyn","306",209,726
"131",2017-06-30,"Brooklyn","307",171,659
"132",2017-06-30,"Brooklyn","308",515,1170
"133",2017-06-30,"Brooklyn","309",347,928
"134",2017-06-30,"Brooklyn","310",583,333
"135",2017-06-30,"Brooklyn","311",746,377
"136",2017-06-30,"Brooklyn","312",770,387
"137",2017-06-30,"Brooklyn","313",257,820
"138",2017-06-30,"Brooklyn","314",337,896
"139",2017-06-30,"Brooklyn","315",154,596
"140",2017-06-30,"Brooklyn","316",687,190
"141",2017-06-30,"Brooklyn","317",566,40
"142",2017-06-30,"Brooklyn","318",416,1063
"143",2017-06-30,"Manhattan","101",256,830
"144",2017-06-30,"Manhattan","102",350,763
"145",2017-06-30,"Manhattan","103",405,1001
"146",2017-06-30,"Manhattan","104",241,682
"147",2017-06-30,"Manhattan","105",191,394
"148",2017-06-30,"Manhattan","106",155,359
"149",2017-06-30,"Manhattan","107",276,783
"150",2017-06-30,"Manhattan","108",574,1134
"151",2017-06-30,"Manhattan","109",461,1038
"152",2017-06-30,"Manhattan","110",699,145
"153",2017-06-30,"Manhattan","111",714,133
"154",2017-06-30,"Manhattan","112",472,1093
"155",2017-06-30,"Queens","401",521,1023
"156",2017-06-30,"Queens","402",249,649
"157",2017-06-30,"Queens","403",213,722
"158",2017-06-30,"Queens","404",197,726
"159",2017-06-30,"Queens","405",191,727
"160",2017-06-30,"Queens","406",341,769
"161",2017-06-30,"Queens","407",782,382
"162",2017-06-30,"Queens","408",176,616
"163",2017-06-30,"Queens","409",228,739
"164",2017-06-30,"Queens","410",187,682
"165",2017-06-30,"Queens","411",216,604
"166",2017-06-30,"Queens","412",735,209
"167",2017-06-30,"Queens","413",351,939
"168",2017-06-30,"Queens","414",492,1152
"169",2017-07-31,"Bronx","201",730,255
"170",2017-07-31,"Bronx","202",478,1177
"171",2017-07-31,"Bronx","203",732,268
"172",2017-07-31,"Bronx","204",844,486
"173",2017-07-31,"Bronx","205",814,458
"174",2017-07-31,"Bronx","206",631,170
"175",2017-07-31,"Bronx","207",620,119
"176",2017-07-31,"Bronx","208",239,771
"177",2017-07-31,"Bronx","209",735,283
"178",2017-07-31,"Bronx","210",295,867
"179",2017-07-31,"Bronx","211",397,1040
"180",2017-07-31,"Bronx","212",676,182
"181",2017-07-31,"Brooklyn","301",334,893
"182",2017-07-31,"Brooklyn","302",327,853
"183",2017-07-31,"Brooklyn","303",8,436
"184",2017-07-31,"Brooklyn","304",484,1144
"185",2017-07-31,"Brooklyn","305",49,565
"186",2017-07-31,"Brooklyn","306",204,725
"187",2017-07-31,"Brooklyn","307",169,649
"188",2017-07-31,"Brooklyn","308",523,1158
"189",2017-07-31,"Brooklyn","309",353,931
"190",2017-07-31,"Brooklyn","310",602,338
"191",2017-07-31,"Brooklyn","311",761,385
"192",2017-07-31,"Brooklyn","312",799,388
"193",2017-07-31,"Brooklyn","313",251,818
"194",2017-07-31,"Brooklyn","314",336,899
"195",2017-07-31,"Brooklyn","315",857,418
"196",2017-07-31,"Brooklyn","316",682,183
"197",2017-07-31,"Brooklyn","317",568,39
"198",2017-07-31,"Brooklyn","318",413,1050
"199",2017-07-31,"Manhattan","101",254,836
"200",2017-07-31,"Manhattan","102",379,794
"201",2017-07-31,"Manhattan","103",411,1002
"202",2017-07-31,"Manhattan","104",250,696
"203",2017-07-31,"Manhattan","105",189,390
"204",2017-07-31,"Manhattan","106",155,356
"205",2017-07-31,"Manhattan","107",268,774
"206",2017-07-31,"Manhattan","108",607,325
"207",2017-07-31,"Manhattan","109",461,1041
"208",2017-07-31,"Manhattan","110",729,161
"209",2017-07-31,"Manhattan","111",724,142
"210",2017-07-31,"Manhattan","112",469,1094
"211",2017-07-31,"Queens","401",516,1015
"212",2017-07-31,"Queens","402",255,655
"213",2017-07-31,"Queens","403",201,690
"214",2017-07-31,"Queens","404",200,735
"215",2017-07-31,"Queens","405",196,734
"216",2017-07-31,"Queens","406",379,808
"217",2017-07-31,"Queens","407",790,382
"218",2017-07-31,"Queens","408",181,620
"219",2017-07-31,"Queens","409",230,747
"220",2017-07-31,"Queens","410",190,691
"221",2017-07-31,"Queens","411",216,604
"222",2017-07-31,"Queens","412",745,208
"223",2017-07-31,"Queens","413",348,944
"224",2017-07-31,"Queens","414",499,1168
"225",2017-08-31,"Bronx","201",758,277
"226",2017-08-31,"Bronx","202",487,7
"227",2017-08-31,"Bronx","203",727,267
"228",2017-08-31,"Bronx","204",4,513
"229",2017-08-31,"Bronx","205",816,467
"230",2017-08-31,"Bronx","206",638,175
"231",2017-08-31,"Bronx","207",611,102
"232",2017-08-31,"Bronx","208",220,752
"233",2017-08-31,"Bronx","209",749,299
"234",2017-08-31,"Bronx","210",302,878
"235",2017-08-31,"Bronx","211",387,1023
"236",2017-08-31,"Bronx","212",709,212
"237",2017-08-31,"Brooklyn","301",338,906
"238",2017-08-31,"Brooklyn","302",335,873
"239",2017-08-31,"Brooklyn","303",12,439
"240",2017-08-31,"Brooklyn","304",479,1149
"241",2017-08-31,"Brooklyn","305",65,581
"242",2017-08-31,"Brooklyn","306",212,742
"243",2017-08-31,"Brooklyn","307",182,668
"244",2017-08-31,"Brooklyn","308",525,1172
"245",2017-08-31,"Brooklyn","309",351,932
"246",2017-08-31,"Brooklyn","310",627,341
"247",2017-08-31,"Brooklyn","311",799,385
"248",2017-08-31,"Brooklyn","312",155,397
"249",2017-08-31,"Brooklyn","313",269,833
"250",2017-08-31,"Brooklyn","314",353,912
"251",2017-08-31,"Brooklyn","315",851,413
"252",2017-08-31,"Brooklyn","316",700,194
"253",2017-08-31,"Brooklyn","317",579,53
"254",2017-08-31,"Brooklyn","318",432,1067
"255",2017-08-31,"Manhattan","101",255,840
"256",2017-08-31,"Manhattan","102",374,794
"257",2017-08-31,"Manhattan","103",414,1021
"258",2017-08-31,"Manhattan","104",254,691
"259",2017-08-31,"Manhattan","105",185,384
"260",2017-08-31,"Manhattan","106",851,354
"261",2017-08-31,"Manhattan","107",276,776
"262",2017-08-31,"Manhattan","108",622,332
"263",2017-08-31,"Manhattan","109",464,1049
"264",2017-08-31,"Manhattan","110",721,148
"265",2017-08-31,"Manhattan","111",699,119
"266",2017-08-31,"Manhattan","112",483,1098
"267",2017-08-31,"Queens","401",503,997
"268",2017-08-31,"Queens","402",255,656
"269",2017-08-31,"Queens","403",197,685
"270",2017-08-31,"Queens","404",202,730
"271",2017-08-31,"Queens","405",196,742
"272",2017-08-31,"Queens","406",374,801
"273",2017-08-31,"Queens","407",838,392
"274",2017-08-31,"Queens","408",179,613
"275",2017-08-31,"Queens","409",228,744
"276",2017-08-31,"Queens","410",195,731
"277",2017-08-31,"Queens","411",216,604
"278",2017-08-31,"Queens","412",756,223
"279",2017-08-31,"Queens","413",349,924
"280",2017-08-31,"Queens","414",499,1164
"281",2017-09-30,"Bronx","201",763,296
"282",2017-09-30,"Bronx","202",482,1178
"283",2017-09-30,"Bronx","203",739,286
"284",2017-09-30,"Bronx","204",859,508
"285",2017-09-30,"Bronx","205",807,465
"286",2017-09-30,"Bronx","206",632,172
"287",2017-09-30,"Bronx","207",616,109
"288",2017-09-30,"Bronx","208",210,750
"289",2017-09-30,"Bronx","209",748,292
"290",2017-09-30,"Bronx","210",281,843
"291",2017-09-30,"Bronx","211",378,1010
"292",2017-09-30,"Bronx","212",693,205
"293",2017-09-30,"Brooklyn","301",329,903
"294",2017-09-30,"Brooklyn","302",333,867
"295",2017-09-30,"Brooklyn","303",858,423
"296",2017-09-30,"Brooklyn","304",480,1145
"297",2017-09-30,"Brooklyn","305",66,579
"298",2017-09-30,"Brooklyn","306",215,740
"299",2017-09-30,"Brooklyn","307",185,683
"300",2017-09-30,"Brooklyn","308",522,1171
"301",2017-09-30,"Brooklyn","309",359,955
"302",2017-09-30,"Brooklyn","310",583,334
"303",2017-09-30,"Brooklyn","311",777,386
"304",2017-09-30,"Brooklyn","312",808,387
"305",2017-09-30,"Brooklyn","313",268,839
"306",2017-09-30,"Brooklyn","314",345,900
"307",2017-09-30,"Brooklyn","315",829,418
"308",2017-09-30,"Brooklyn","316",713,221
"309",2017-09-30,"Brooklyn","317",572,46
"310",2017-09-30,"Brooklyn","318",445,1084
"311",2017-09-30,"Manhattan","101",254,826
"312",2017-09-30,"Manhattan","102",390,808
"313",2017-09-30,"Manhattan","103",416,1016
"314",2017-09-30,"Manhattan","104",256,697
"315",2017-09-30,"Manhattan","105",195,398
"316",2017-09-30,"Manhattan","106",857,357
"317",2017-09-30,"Manhattan","107",278,788
"318",2017-09-30,"Manhattan","108",646,330
"319",2017-09-30,"Manhattan","109",458,1040
"320",2017-09-30,"Manhattan","110",717,140
"321",2017-09-30,"Manhattan","111",702,136
"322",2017-09-30,"Manhattan","112",472,1109
"323",2017-09-30,"Queens","401",476,963
"324",2017-09-30,"Queens","402",246,644
"325",2017-09-30,"Queens","403",190,674
"326",2017-09-30,"Queens","404",189,685
"327",2017-09-30,"Queens","405",192,730
"328",2017-09-30,"Queens","406",357,787
"329",2017-09-30,"Queens","407",761,370
"330",2017-09-30,"Queens","408",180,609
"331",2017-09-30,"Queens","409",206,688
"332",2017-09-30,"Queens","410",167,634
"333",2017-09-30,"Queens","411",194,410
"334",2017-09-30,"Queens","412",686,165
"335",2017-09-30,"Queens","413",332,896
"336",2017-09-30,"Queens","414",493,1153
"337",2017-10-31,"Bronx","201",767,307
"338",2017-10-31,"Bronx","202",491,7
"339",2017-10-31,"Bronx","203",750,306
"340",2017-10-31,"Bronx","204",850,501
"341",2017-10-31,"Bronx","205",786,450
"342",2017-10-31,"Bronx","206",636,189
"343",2017-10-31,"Bronx","207",610,105
"344",2017-10-31,"Bronx","208",224,768
"345",2017-10-31,"Bronx","209",756,421
"346",2017-10-31,"Bronx","210",279,837
"347",2017-10-31,"Bronx","211",380,1007
"348",2017-10-31,"Bronx","212",709,224
"349",2017-10-31,"Brooklyn","301",327,890
"350",2017-10-31,"Brooklyn","302",333,874
"351",2017-10-31,"Brooklyn","303",856,314
"352",2017-10-31,"Brooklyn","304",482,1142
"353",2017-10-31,"Brooklyn","305",58,560
"354",2017-10-31,"Brooklyn","306",214,738
"355",2017-10-31,"Brooklyn","307",190,689
"356",2017-10-31,"Brooklyn","308",526,1169
"357",2017-10-31,"Brooklyn","309",355,941
"358",2017-10-31,"Brooklyn","310",574,330
"359",2017-10-31,"Brooklyn","311",777,387
"360",2017-10-31,"Brooklyn","312",777,372
"361",2017-10-31,"Brooklyn","313",280,849
"362",2017-10-31,"Brooklyn","314",347,904
"363",2017-10-31,"Brooklyn","315",153,603
"364",2017-10-31,"Brooklyn","316",707,208
"365",2017-10-31,"Brooklyn","317",571,47
"366",2017-10-31,"Brooklyn","318",423,1057
"367",2017-10-31,"Manhattan","101",250,811
"368",2017-10-31,"Manhattan","102",357,787
"369",2017-10-31,"Manhattan","103",429,1015
"370",2017-10-31,"Manhattan","104",247,686
"371",2017-10-31,"Manhattan","105",201,417
"372",2017-10-31,"Manhattan","106",156,360
"373",2017-10-31,"Manhattan","107",270,774
"374",2017-10-31,"Manhattan","108",622,323
"375",2017-10-31,"Manhattan","109",452,1035
"376",2017-10-31,"Manhattan","110",722,149
"377",2017-10-31,"Manhattan","111",720,151
"378",2017-10-31,"Manhattan","112",467,1096
"379",2017-10-31,"Queens","401",438,916
"380",2017-10-31,"Queens","402",242,641
"381",2017-10-31,"Queens","403",188,668
"382",2017-10-31,"Queens","404",182,678
"383",2017-10-31,"Queens","405",186,716
"384",2017-10-31,"Queens","406",350,773
"385",2017-10-31,"Queens","407",761,368
"386",2017-10-31,"Queens","408",175,600
"387",2017-10-31,"Queens","409",197,655
"388",2017-10-31,"Queens","410",166,618
"389",2017-10-31,"Queens","411",194,410
"390",2017-10-31,"Queens","412",666,118
"391",2017-10-31,"Queens","413",324,884
"392",2017-10-31,"Queens","414",485,1127
"393",2017-11-30,"Bronx","201",760,311
"394",2017-11-30,"Bronx","202",490,10
"395",2017-11-30,"Bronx","203",734,290
"396",2017-11-30,"Bronx","204",850,514
"397",2017-11-30,"Bronx","205",820,492
"398",2017-11-30,"Bronx","206",640,191
"399",2017-11-30,"Bronx","207",629,121
"400",2017-11-30,"Bronx","208",234,777
"401",2017-11-30,"Bronx","209",733,273
"402",2017-11-30,"Bronx","210",270,818
"403",2017-11-30,"Bronx","211",375,990
"404",2017-11-30,"Bronx","212",702,219
"405",2017-11-30,"Brooklyn","301",324,885
"406",2017-11-30,"Brooklyn","302",325,858
"407",2017-11-30,"Brooklyn","303",4,421
"408",2017-11-30,"Brooklyn","304",479,1136
"409",2017-11-30,"Brooklyn","305",61,559
"410",2017-11-30,"Brooklyn","306",213,731
"411",2017-11-30,"Brooklyn","307",192,682
"412",2017-11-30,"Brooklyn","308",523,1165
"413",2017-11-30,"Brooklyn","309",359,946
"414",2017-11-30,"Brooklyn","310",564,321
"415",2017-11-30,"Brooklyn","311",777,385
"416",2017-11-30,"Brooklyn","312",737,363
"417",2017-11-30,"Brooklyn","313",279,840
"418",2017-11-30,"Brooklyn","314",361,925
"419",2017-11-30,"Brooklyn","315",153,608
"420",2017-11-30,"Brooklyn","316",710,206
"421",2017-11-30,"Brooklyn","317",581,56
"422",2017-11-30,"Brooklyn","318",428,1061
"423",2017-11-30,"Manhattan","101",242,800
"424",2017-11-30,"Manhattan","102",357,787
"425",2017-11-30,"Manhattan","103",417,1015
"426",2017-11-30,"Manhattan","104",258,694
"427",2017-11-30,"Manhattan","105",210,611
"428",2017-11-30,"Manhattan","106",156,361
"429",2017-11-30,"Manhattan","107",281,793
"430",2017-11-30,"Manhattan","108",641,324
"431",2017-11-30,"Manhattan","109",448,1032
"432",2017-11-30,"Manhattan","110",709,128
"433",2017-11-30,"Manhattan","111",720,152
"434",2017-11-30,"Manhattan","112",486,1106
"435",2017-11-30,"Queens","401",463,936
"436",2017-11-30,"Queens","402",251,647
"437",2017-11-30,"Queens","403",195,675
"438",2017-11-30,"Queens","404",190,692
"439",2017-11-30,"Queens","405",188,713
"440",2017-11-30,"Queens","406",350,794
"441",2017-11-30,"Queens","407",829,393
"442",2017-11-30,"Queens","408",173,601
"443",2017-11-30,"Queens","409",200,658
"444",2017-11-30,"Queens","410",165,615
"445",2017-11-30,"Queens","411",205,595
"446",2017-11-30,"Queens","412",690,150
"447",2017-11-30,"Queens","413",340,892
"448",2017-11-30,"Queens","414",484,1135
"449",2017-12-31,"Bronx","201",764,421
"450",2017-12-31,"Bronx","202",475,1181
"451",2017-12-31,"Bronx","203",754,316
"452",2017-12-31,"Bronx","204",836,498
"453",2017-12-31,"Bronx","205",812,480
"454",2017-12-31,"Bronx","206",633,181
"455",2017-12-31,"Bronx","207",619,115
"456",2017-12-31,"Bronx","208",225,767
"457",2017-12-31,"Bronx","209",715,272
"458",2017-12-31,"Bronx","210",272,824
"459",2017-12-31,"Bronx","211",378,1015
"460",2017-12-31,"Bronx","212",699,241
"461",2017-12-31,"Brooklyn","301",316,863
"462",2017-12-31,"Brooklyn","302",318,845
"463",2017-12-31,"Brooklyn","303",6,426
"464",2017-12-31,"Brooklyn","304",465,1118
"465",2017-12-31,"Brooklyn","305",59,555
"466",2017-12-31,"Brooklyn","306",221,748
"467",2017-12-31,"Brooklyn","307",192,681
"468",2017-12-31,"Brooklyn","308",507,1141
"469",2017-12-31,"Brooklyn","309",371,955
"470",2017-12-31,"Brooklyn","310",561,1179
"471",2017-12-31,"Brooklyn","311",726,378
"472",2017-12-31,"Brooklyn","312",726,370
"473",2017-12-31,"Brooklyn","313",289,855
"474",2017-12-31,"Brooklyn","314",364,935
"475",2017-12-31,"Brooklyn","315",159,623
"476",2017-12-31,"Brooklyn","316",709,199
"477",2017-12-31,"Brooklyn","317",586,57
"478",2017-12-31,"Brooklyn","318",421,1046
"479",2017-12-31,"Manhattan","101",243,799
"480",2017-12-31,"Manhattan","102",341,769
"481",2017-12-31,"Manhattan","103",412,998
"482",2017-12-31,"Manhattan","104",265,719
"483",2017-12-31,"Manhattan","105",213,628
"484",2017-12-31,"Manhattan","106",158,366
"485",2017-12-31,"Manhattan","107",276,782
"486",2017-12-31,"Manhattan","108",622,1179
"487",2017-12-31,"Manhattan","109",443,1024
"488",2017-12-31,"Manhattan","110",682,110
"489",2017-12-31,"Manhattan","111",685,122
"490",2017-12-31,"Manhattan","112",469,1098
"491",2017-12-31,"Queens","401",457,933
"492",2017-12-31,"Queens","402",258,657
"493",2017-12-31,"Queens","403",197,684
"494",2017-12-31,"Queens","404",179,661
"495",2017-12-31,"Queens","405",188,690
"496",2017-12-31,"Queens","406",350,801
"497",2017-12-31,"Queens","407",815,392
"498",2017-12-31,"Queens","408",185,626
"499",2017-12-31,"Queens","409",197,645
"500",2017-12-31,"Queens","410",167,617
"501",2017-12-31,"Queens","411",216,604
"502",2017-12-31,"Queens","412",690,153
"503",2017-12-31,"Queens","413",348,899
"504",2017-12-31,"Queens","414",491,1146
"505",2018-01-31,"Bronx","201",779,447
"506",2018-01-31,"Bronx","202",488,11
"507",2018-01-31,"Bronx","203",757,310
"508",2018-01-31,"Bronx","204",840,506
"509",2018-01-31,"Bronx","205",817,484
"510",2018-01-31,"Bronx","206",630,173
"511",2018-01-31,"Bronx","207",636,132
"512",2018-01-31,"Bronx","208",230,774
"513",2018-01-31,"Bronx","209",752,309
"514",2018-01-31,"Bronx","210",275,835
"515",2018-01-31,"Bronx","211",396,1038
"516",2018-01-31,"Bronx","212",688,237
"517",2018-01-31,"Brooklyn","301",318,877
"518",2018-01-31,"Brooklyn","302",327,859
"519",2018-01-31,"Brooklyn","303",7,424
"520",2018-01-31,"Brooklyn","304",472,1123
"521",2018-01-31,"Brooklyn","305",70,568
"522",2018-01-31,"Brooklyn","306",229,754
"523",2018-01-31,"Brooklyn","307",191,680
"524",2018-01-31,"Brooklyn","308",514,1149
"525",2018-01-31,"Brooklyn","309",369,952
"526",2018-01-31,"Brooklyn","310",583,327
"527",2018-01-31,"Brooklyn","311",777,387
"528",2018-01-31,"Brooklyn","312",799,386
"529",2018-01-31,"Brooklyn","313",288,846
"530",2018-01-31,"Brooklyn","314",367,939
"531",2018-01-31,"Brooklyn","315",159,627
"532",2018-01-31,"Brooklyn","316",736,222
"533",2018-01-31,"Brooklyn","317",601,68
"534",2018-01-31,"Brooklyn","318",423,1047
"535",2018-01-31,"Manhattan","101",247,805
"536",2018-01-31,"Manhattan","102",390,834
"537",2018-01-31,"Manhattan","103",414,992
"538",2018-01-31,"Manhattan","104",266,725
"539",2018-01-31,"Manhattan","105",210,607
"540",2018-01-31,"Manhattan","106",838,354
"541",2018-01-31,"Manhattan","107",283,791
"542",2018-01-31,"Manhattan","108",627,1175
"543",2018-01-31,"Manhattan","109",459,1039
"544",2018-01-31,"Manhattan","110",725,139
"545",2018-01-31,"Manhattan","111",734,129
"546",2018-01-31,"Manhattan","112",480,1117
"547",2018-01-31,"Queens","401",492,967
"548",2018-01-31,"Queens","402",279,688
"549",2018-01-31,"Queens","403",198,695
"550",2018-01-31,"Queens","404",178,653
"551",2018-01-31,"Queens","405",191,695
"552",2018-01-31,"Queens","406",350,816
"553",2018-01-31,"Queens","407",857,406
"554",2018-01-31,"Queens","408",191,638
"555",2018-01-31,"Queens","409",204,681
"556",2018-01-31,"Queens","410",170,621
"557",2018-01-31,"Queens","411",216,614
"558",2018-01-31,"Queens","412",735,173
"559",2018-01-31,"Queens","413",352,904
"560",2018-01-31,"Queens","414",500,1162
"561",2018-02-28,"Bronx","201",773,438
"562",2018-02-28,"Bronx","202",473,4
"563",2018-02-28,"Bronx","203",736,295
"564",2018-02-28,"Bronx","204",839,504
"565",2018-02-28,"Bronx","205",818,482
"566",2018-02-28,"Bronx","206",640,182
"567",2018-02-28,"Bronx","207",625,113
"568",2018-02-28,"Bronx","208",230,770
"569",2018-02-28,"Bronx","209",739,281
"570",2018-02-28,"Bronx","210",283,850
"571",2018-02-28,"Bronx","211",411,1054
"572",2018-02-28,"Bronx","212",677,225
"573",2018-02-28,"Brooklyn","301",320,871
"574",2018-02-28,"Brooklyn","302",331,858
"575",2018-02-28,"Brooklyn","303",4,422
"576",2018-02-28,"Brooklyn","304",460,1105
"577",2018-02-28,"Brooklyn","305",64,556
"578",2018-02-28,"Brooklyn","306",223,751
"579",2018-02-28,"Brooklyn","307",188,672
"580",2018-02-28,"Brooklyn","308",527,1173
"581",2018-02-28,"Brooklyn","309",370,949
"582",2018-02-28,"Brooklyn","310",602,334
"583",2018-02-28,"Brooklyn","311",821,390
"584",2018-02-28,"Brooklyn","312",821,383
"585",2018-02-28,"Brooklyn","313",284,847
"586",2018-02-28,"Brooklyn","314",354,913
"587",2018-02-28,"Brooklyn","315",159,623
"588",2018-02-28,"Brooklyn","316",708,186
"589",2018-02-28,"Brooklyn","317",592,60
"590",2018-02-28,"Brooklyn","318",432,1059
"591",2018-02-28,"Manhattan","101",246,793
"592",2018-02-28,"Manhattan","102",341,763
"593",2018-02-28,"Manhattan","103",418,1001
"594",2018-02-28,"Manhattan","104",274,727
"595",2018-02-28,"Manhattan","105",200,418
"596",2018-02-28,"Manhattan","106",157,365
"597",2018-02-28,"Manhattan","107",286,791
"598",2018-02-28,"Manhattan","108",657,319
"599",2018-02-28,"Manhattan","109",459,1046
"600",2018-02-28,"Manhattan","110",715,132
"601",2018-02-28,"Manhattan","111",698,103
"602",2018-02-28,"Manhattan","112",488,1122
"603",2018-02-28,"Queens","401",486,954
"604",2018-02-28,"Queens","402",274,684
"605",2018-02-28,"Queens","403",197,697
"606",2018-02-28,"Queens","404",178,656
"607",2018-02-28,"Queens","405",192,720
"608",2018-02-28,"Queens","406",368,825
"609",2018-02-28,"Queens","407",851,399
"610",2018-02-28,"Queens","408",203,655
"611",2018-02-28,"Queens","409",208,674
"612",2018-02-28,"Queens","410",173,622
"613",2018-02-28,"Queens","411",216,614
"614",2018-02-28,"Queens","412",727,168
"615",2018-02-28,"Queens","413",358,901
"616",2018-02-28,"Queens","414",499,1155
"617",2018-03-31,"Bronx","201",775,433
"618",2018-03-31,"Bronx","202",470,1174
"619",2018-03-31,"Bronx","203",738,302
"620",2018-03-31,"Bronx","204",839,509
"621",2018-03-31,"Bronx","205",825,487
"622",2018-03-31,"Bronx","206",637,177
"623",2018-03-31,"Bronx","207",624,111
"624",2018-03-31,"Bronx","208",232,776
"625",2018-03-31,"Bronx","209",741,272
"626",2018-03-31,"Bronx","210",281,845
"627",2018-03-31,"Bronx","211",404,1044
"628",2018-03-31,"Bronx","212",678,218
"629",2018-03-31,"Brooklyn","301",318,883
"630",2018-03-31,"Brooklyn","302",342,870
"631",2018-03-31,"Brooklyn","303",7,420
"632",2018-03-31,"Brooklyn","304",468,1111
"633",2018-03-31,"Brooklyn","305",54,552
"634",2018-03-31,"Brooklyn","306",222,729
"635",2018-03-31,"Brooklyn","307",186,667
"636",2018-03-31,"Brooklyn","308",508,1151
"637",2018-03-31,"Brooklyn","309",367,937
"638",2018-03-31,"Brooklyn","310",567,320
"639",2018-03-31,"Brooklyn","311",838,394
"640",2018-03-31,"Brooklyn","312",755,368
"641",2018-03-31,"Brooklyn","313",284,844
"642",2018-03-31,"Brooklyn","314",356,920
"643",2018-03-31,"Brooklyn","315",167,637
"644",2018-03-31,"Brooklyn","316",701,176
"645",2018-03-31,"Brooklyn","317",595,54
"646",2018-03-31,"Brooklyn","318",464,1082
"647",2018-03-31,"Manhattan","101",245,798
"648",2018-03-31,"Manhattan","102",357,769
"649",2018-03-31,"Manhattan","103",404,976
"650",2018-03-31,"Manhattan","104",266,730
"651",2018-03-31,"Manhattan","105",207,610
"652",2018-03-31,"Manhattan","106",155,357
"653",2018-03-31,"Manhattan","107",291,800
"654",2018-03-31,"Manhattan","108",664,324
"655",2018-03-31,"Manhattan","109",440,1029
"656",2018-03-31,"Manhattan","110",698,122
"657",2018-03-31,"Manhattan","111",680,95
"658",2018-03-31,"Manhattan","112",482,1113
"659",2018-03-31,"Queens","401",499,968
"660",2018-03-31,"Queens","402",265,664
"661",2018-03-31,"Queens","403",197,694
"662",2018-03-31,"Queens","404",186,656
"663",2018-03-31,"Queens","405",186,696
"664",2018-03-31,"Queens","406",330,773
"665",2018-03-31,"Queens","407",821,394
"666",2018-03-31,"Queens","408",192,633
"667",2018-03-31,"Queens","409",197,668
"668",2018-03-31,"Queens","410",175,622
"669",2018-03-31,"Queens","411",216,632
"670",2018-03-31,"Queens","412",720,164
"671",2018-03-31,"Queens","413",363,908
"672",2018-03-31,"Queens","414",519,1183
"673",2018-04-30,"Bronx","201",774,432
"674",2018-04-30,"Bronx","202",459,1146
"675",2018-04-30,"Bronx","203",732,276
"676",2018-04-30,"Bronx","204",833,507
"677",2018-04-30,"Bronx","205",814,466
"678",2018-04-30,"Bronx","206",647,207
"679",2018-04-30,"Bronx","207",634,128
"680",2018-04-30,"Bronx","208",234,777
"681",2018-04-30,"Bronx","209",736,266
"682",2018-04-30,"Bronx","210",280,833
"683",2018-04-30,"Bronx","211",430,1073
"684",2018-04-30,"Bronx","212",662,196
"685",2018-04-30,"Brooklyn","301",314,870
"686",2018-04-30,"Brooklyn","302",339,870
"687",2018-04-30,"Brooklyn","303",854,274
"688",2018-04-30,"Brooklyn","304",468,1110
"689",2018-04-30,"Brooklyn","305",51,540
"690",2018-04-30,"Brooklyn","306",211,696
"691",2018-04-30,"Brooklyn","307",192,679
"692",2018-04-30,"Brooklyn","308",520,1160
"693",2018-04-30,"Brooklyn","309",359,914
"694",2018-04-30,"Brooklyn","310",583,320
"695",2018-04-30,"Brooklyn","311",815,393
"696",2018-04-30,"Brooklyn","312",808,382
"697",2018-04-30,"Brooklyn","313",281,835
"698",2018-04-30,"Brooklyn","314",363,924
"699",2018-04-30,"Brooklyn","315",159,627
"700",2018-04-30,"Brooklyn","316",670,163
"701",2018-04-30,"Brooklyn","317",600,55
"702",2018-04-30,"Brooklyn","318",461,1083
"703",2018-04-30,"Manhattan","101",257,803
"704",2018-04-30,"Manhattan","102",368,780
"705",2018-04-30,"Manhattan","103",414,985
"706",2018-04-30,"Manhattan","104",267,719
"707",2018-04-30,"Manhattan","105",168,390
"708",2018-04-30,"Manhattan","106",159,359
"709",2018-04-30,"Manhattan","107",292,803
"710",2018-04-30,"Manhattan","108",657,321
"711",2018-04-30,"Manhattan","109",442,1031
"712",2018-04-30,"Manhattan","110",722,135
"713",2018-04-30,"Manhattan","111",698,101
"714",2018-04-30,"Manhattan","112",476,1114
"715",2018-04-30,"Queens","401",521,983
"716",2018-04-30,"Queens","402",274,670
"717",2018-04-30,"Queens","403",203,722
"718",2018-04-30,"Queens","404",181,645
"719",2018-04-30,"Queens","405",195,692
"720",2018-04-30,"Queens","406",368,808
"721",2018-04-30,"Queens","407",808,395
"722",2018-04-30,"Queens","408",186,627
"723",2018-04-30,"Queens","409",197,677
"724",2018-04-30,"Queens","410",178,626
"725",2018-04-30,"Queens","411",227,624
"726",2018-04-30,"Queens","412",712,161
"727",2018-04-30,"Queens","413",370,922
"728",2018-04-30,"Queens","414",518,3
"729",2018-05-31,"Bronx","201",778,428
"730",2018-05-31,"Bronx","202",453,1133
"731",2018-05-31,"Bronx","203",718,265
"732",2018-05-31,"Bronx","204",831,503
"733",2018-05-31,"Bronx","205",806,451
"734",2018-05-31,"Bronx","206",639,185
"735",2018-05-31,"Bronx","207",619,104
"736",2018-05-31,"Bronx","208",241,779
"737",2018-05-31,"Bronx","209",730,252
"738",2018-05-31,"Bronx","210",268,815
"739",2018-05-31,"Bronx","211",427,1071
"740",2018-05-31,"Bronx","212",656,188
"741",2018-05-31,"Brooklyn","301",311,862
"742",2018-05-31,"Brooklyn","302",326,843
"743",2018-05-31,"Brooklyn","303",849,250
"744",2018-05-31,"Brooklyn","304",474,1110
"745",2018-05-31,"Brooklyn","305",48,537
"746",2018-05-31,"Brooklyn","306",210,686
"747",2018-05-31,"Brooklyn","307",186,662
"748",2018-05-31,"Brooklyn","308",512,1150
"749",2018-05-31,"Brooklyn","309",359,918
"750",2018-05-31,"Brooklyn","310",578,319
"751",2018-05-31,"Brooklyn","311",846,400
"752",2018-05-31,"Brooklyn","312",777,383
"753",2018-05-31,"Brooklyn","313",278,821
"754",2018-05-31,"Brooklyn","314",352,918
"755",2018-05-31,"Brooklyn","315",155,617
"756",2018-05-31,"Brooklyn","316",672,161
"757",2018-05-31,"Brooklyn","317",580,42
"758",2018-05-31,"Brooklyn","318",449,1072
"759",2018-05-31,"Manhattan","101",240,778
"760",2018-05-31,"Manhattan","102",368,787
"761",2018-05-31,"Manhattan","103",412,979
"762",2018-05-31,"Manhattan","104",267,714
"763",2018-05-31,"Manhattan","105",181,597
"764",2018-05-31,"Manhattan","106",160,358
"765",2018-05-31,"Manhattan","107",276,781
"766",2018-05-31,"Manhattan","108",627,1140
"767",2018-05-31,"Manhattan","109",441,1031
"768",2018-05-31,"Manhattan","110",714,133
"769",2018-05-31,"Manhattan","111",681,89
"770",2018-05-31,"Manhattan","112",473,1100
"771",2018-05-31,"Queens","401",528,989
"772",2018-05-31,"Queens","402",280,670
"773",2018-05-31,"Queens","403",196,697
"774",2018-05-31,"Queens","404",182,650
"775",2018-05-31,"Queens","405",189,684
"776",2018-05-31,"Queens","406",350,825
"777",2018-05-31,"Queens","407",156,409
"778",2018-05-31,"Queens","408",182,619
"779",2018-05-31,"Queens","409",204,685
"780",2018-05-31,"Queens","410",171,610
"781",2018-05-31,"Queens","411",261,756
"782",2018-05-31,"Queens","412",720,161
"783",2018-05-31,"Queens","413",371,927
"784",2018-05-31,"Queens","414",518,6
"785",2018-06-30,"Bronx","201",774,312
"786",2018-06-30,"Bronx","202",446,1128
"787",2018-06-30,"Bronx","203",723,261
"788",2018-06-30,"Bronx","204",822,496
"789",2018-06-30,"Bronx","205",809,451
"790",2018-06-30,"Bronx","206",632,170
"791",2018-06-30,"Bronx","207",609,98
"792",2018-06-30,"Bronx","208",246,793
"793",2018-06-30,"Bronx","209",718,236
"794",2018-06-30,"Bronx","210",279,823
"795",2018-06-30,"Bronx","211",425,1062
"796",2018-06-30,"Bronx","212",670,200
"797",2018-06-30,"Brooklyn","301",317,876
"798",2018-06-30,"Brooklyn","302",310,812
"799",2018-06-30,"Brooklyn","303",825,235
"800",2018-06-30,"Brooklyn","304",461,1086
"801",2018-06-30,"Brooklyn","305",47,536
"802",2018-06-30,"Brooklyn","306",212,696
"803",2018-06-30,"Brooklyn","307",179,655
"804",2018-06-30,"Brooklyn","308",514,1152
"805",2018-06-30,"Brooklyn","309",359,917
"806",2018-06-30,"Brooklyn","310",567,1140
"807",2018-06-30,"Brooklyn","311",838,396
"808",2018-06-30,"Brooklyn","312",782,388
"809",2018-06-30,"Brooklyn","313",272,804
"810",2018-06-30,"Brooklyn","314",346,903
"811",2018-06-30,"Brooklyn","315",838,596
"812",2018-06-30,"Brooklyn","316",656,157
"813",2018-06-30,"Brooklyn","317",569,38
"814",2018-06-30,"Brooklyn","318",452,1080
"815",2018-06-30,"Manhattan","101",245,793
"816",2018-06-30,"Manhattan","102",350,808
"817",2018-06-30,"Manhattan","103",413,982
"818",2018-06-30,"Manhattan","104",262,690
"819",2018-06-30,"Manhattan","105",179,415
"820",2018-06-30,"Manhattan","106",160,358
"821",2018-06-30,"Manhattan","107",281,790
"822",2018-06-30,"Manhattan","108",641,1167
"823",2018-06-30,"Manhattan","109",433,1018
"824",2018-06-30,"Manhattan","110",700,117
"825",2018-06-30,"Manhattan","111",653,62
"826",2018-06-30,"Manhattan","112",474,1108
"827",2018-06-30,"Queens","401",527,977
"828",2018-06-30,"Queens","402",286,679
"829",2018-06-30,"Queens","403",198,689
"830",2018-06-30,"Queens","404",190,672
"831",2018-06-30,"Queens","405",185,684
"832",2018-06-30,"Queens","406",319,808
"833",2018-06-30,"Queens","407",846,400
"834",2018-06-30,"Queens","408",198,652
"835",2018-06-30,"Queens","409",207,685
"836",2018-06-30,"Queens","410",171,599
"837",2018-06-30,"Queens","411",261,749
"838",2018-06-30,"Queens","412",695,152
"839",2018-06-30,"Queens","413",366,921
"840",2018-06-30,"Queens","414",508,1174
"841",2018-07-31,"Bronx","201",774,303
"842",2018-07-31,"Bronx","202",452,1127
"843",2018-07-31,"Bronx","203",728,254
"844",2018-07-31,"Bronx","204",819,484
"845",2018-07-31,"Bronx","205",769,309
"846",2018-07-31,"Bronx","206",621,141
"847",2018-07-31,"Bronx","207",604,100
"848",2018-07-31,"Bronx","208",262,809
"849",2018-07-31,"Bronx","209",711,228
"850",2018-07-31,"Bronx","210",277,819
"851",2018-07-31,"Bronx","211",403,1020
"852",2018-07-31,"Bronx","212",679,208
"853",2018-07-31,"Brooklyn","301",300,835
"854",2018-07-31,"Brooklyn","302",305,800
"855",2018-07-31,"Brooklyn","303",820,203
"856",2018-07-31,"Brooklyn","304",445,1036
"857",2018-07-31,"Brooklyn","305",57,543
"858",2018-07-31,"Brooklyn","306",211,718
"859",2018-07-31,"Brooklyn","307",185,667
"860",2018-07-31,"Brooklyn","308",512,1142
"861",2018-07-31,"Brooklyn","309",360,906
"862",2018-07-31,"Brooklyn","310",567,1140
"863",2018-07-31,"Brooklyn","311",829,394
"864",2018-07-31,"Brooklyn","312",746,388
"865",2018-07-31,"Brooklyn","313",264,792
"866",2018-07-31,"Brooklyn","314",336,890
"867",2018-07-31,"Brooklyn","315",155,603
"868",2018-07-31,"Brooklyn","316",659,166
"869",2018-07-31,"Brooklyn","317",568,36
"870",2018-07-31,"Brooklyn","318",433,1055
"871",2018-07-31,"Manhattan","101",250,804
"872",2018-07-31,"Manhattan","102",350,780
"873",2018-07-31,"Manhattan","103",423,998
"874",2018-07-31,"Manhattan","104",258,692
"875",2018-07-31,"Manhattan","105",574,1130
"876",2018-07-31,"Manhattan","106",846,348
"877",2018-07-31,"Manhattan","107",264,770
"878",2018-07-31,"Manhattan","108",622,1134
"879",2018-07-31,"Manhattan","109",422,997
"880",2018-07-31,"Manhattan","110",684,98
"881",2018-07-31,"Manhattan","111",671,66
"882",2018-07-31,"Manhattan","112",485,1117
"883",2018-07-31,"Queens","401",522,977
"884",2018-07-31,"Queens","402",279,677
"885",2018-07-31,"Queens","403",201,725
"886",2018-07-31,"Queens","404",189,669
"887",2018-07-31,"Queens","405",180,657
"888",2018-07-31,"Queens","406",330,787
"889",2018-07-31,"Queens","407",846,408
"890",2018-07-31,"Queens","408",192,635
"891",2018-07-31,"Queens","409",210,693
"892",2018-07-31,"Queens","410",188,627
"893",2018-07-31,"Queens","411",271,769
"894",2018-07-31,"Queens","412",710,159
"895",2018-07-31,"Queens","413",365,920
"896",2018-07-31,"Queens","414",511,1173
"897",2018-08-31,"Bronx","201",810,450
"898",2018-08-31,"Bronx","202",507,18
"899",2018-08-31,"Bronx","203",762,305
"900",2018-08-31,"Bronx","204",29,533
"901",2018-08-31,"Bronx","205",842,495
"902",2018-08-31,"Bronx","206",643,183
"903",2018-08-31,"Bronx","207",630,127
"904",2018-08-31,"Bronx","208",278,856
"905",2018-08-31,"Bronx","209",773,300
"906",2018-08-31,"Bronx","210",287,842
"907",2018-08-31,"Bronx","211",425,1062
"908",2018-08-31,"Bronx","212",717,238
"909",2018-08-31,"Brooklyn","301",304,835
"910",2018-08-31,"Brooklyn","302",296,785
"911",2018-08-31,"Brooklyn","303",832,246
"912",2018-08-31,"Brooklyn","304",436,1039
"913",2018-08-31,"Brooklyn","305",69,559
"914",2018-08-31,"Brooklyn","306",231,751
"915",2018-08-31,"Brooklyn","307",184,673
"916",2018-08-31,"Brooklyn","308",527,1145
"917",2018-08-31,"Brooklyn","309",386,956
"918",2018-08-31,"Brooklyn","310",564,1167
"919",2018-08-31,"Brooklyn","311",821,405
"920",2018-08-31,"Brooklyn","312",705,379
"921",2018-08-31,"Brooklyn","313",275,822
"922",2018-08-31,"Brooklyn","314",348,913
"923",2018-08-31,"Brooklyn","315",829,409
"924",2018-08-31,"Brooklyn","316",700,198
"925",2018-08-31,"Brooklyn","317",605,59
"926",2018-08-31,"Brooklyn","318",456,1081
"927",2018-08-31,"Manhattan","101",242,789
"928",2018-08-31,"Manhattan","102",330,749
"929",2018-08-31,"Manhattan","103",413,987
"930",2018-08-31,"Manhattan","104",258,684
"931",2018-08-31,"Manhattan","105",174,396
"932",2018-08-31,"Manhattan","106",155,352
"933",2018-08-31,"Manhattan","107",263,764
"934",2018-08-31,"Manhattan","108",683,320
"935",2018-08-31,"Manhattan","109",428,1011
"936",2018-08-31,"Manhattan","110",706,107
"937",2018-08-31,"Manhattan","111",669,76
"938",2018-08-31,"Manhattan","112",485,1119
"939",2018-08-31,"Queens","401",531,1008
"940",2018-08-31,"Queens","402",295,713
"941",2018-08-31,"Queens","403",193,690
"942",2018-08-31,"Queens","404",185,653
"943",2018-08-31,"Queens","405",174,645
"944",2018-08-31,"Queens","406",303,756
"945",2018-08-31,"Queens","407",851,405
"946",2018-08-31,"Queens","408",190,640
"947",2018-08-31,"Queens","409",207,730
"948",2018-08-31,"Queens","410",202,658
"949",2018-08-31,"Queens","411",293,787
"950",2018-08-31,"Queens","412",740,180
"951",2018-08-31,"Queens","413",369,926
"952",2018-08-31,"Queens","414",537,17
"953",2018-09-30,"Bronx","201",816,462
"954",2018-09-30,"Bronx","202",508,22
"955",2018-09-30,"Bronx","203",747,284
"956",2018-09-30,"Bronx","204",18,530
"957",2018-09-30,"Bronx","205",835,491
"958",2018-09-30,"Bronx","206",650,191
"959",2018-09-30,"Bronx","207",628,125
"960",2018-09-30,"Bronx","208",277,851
"961",2018-09-30,"Bronx","209",781,420
"962",2018-09-30,"Bronx","210",296,860
"963",2018-09-30,"Bronx","211",405,1033
"964",2018-09-30,"Bronx","212",721,243
"965",2018-09-30,"Brooklyn","301",310,840
"966",2018-09-30,"Brooklyn","302",307,797
"967",2018-09-30,"Brooklyn","303",836,247
"968",2018-09-30,"Brooklyn","304",448,1047
"969",2018-09-30,"Brooklyn","305",83,576
"970",2018-09-30,"Brooklyn","306",223,737
"971",2018-09-30,"Brooklyn","307",186,677
"972",2018-09-30,"Brooklyn","308",526,1139
"973",2018-09-30,"Brooklyn","309",393,955
"974",2018-09-30,"Brooklyn","310",578,321
"975",2018-09-30,"Brooklyn","311",154,599
"976",2018-09-30,"Brooklyn","312",705,378
"977",2018-09-30,"Brooklyn","313",279,820
"978",2018-09-30,"Brooklyn","314",354,931
"979",2018-09-30,"Brooklyn","315",821,408
"980",2018-09-30,"Brooklyn","316",720,220
"981",2018-09-30,"Brooklyn","317",612,80
"982",2018-09-30,"Brooklyn","318",463,1095
"983",2018-09-30,"Manhattan","101",252,790
"984",2018-09-30,"Manhattan","102",357,769
"985",2018-09-30,"Manhattan","103",417,977
"986",2018-09-30,"Manhattan","104",251,674
"987",2018-09-30,"Manhattan","105",177,397
"988",2018-09-30,"Manhattan","106",163,359
"989",2018-09-30,"Manhattan","107",255,753
"990",2018-09-30,"Manhattan","108",726,324
"991",2018-09-30,"Manhattan","109",432,1025
"992",2018-09-30,"Manhattan","110",720,120
"993",2018-09-30,"Manhattan","111",680,79
"994",2018-09-30,"Manhattan","112",488,1117
"995",2018-09-30,"Queens","401",541,1017
"996",2018-09-30,"Queens","402",298,713
"997",2018-09-30,"Queens","403",199,718
"998",2018-09-30,"Queens","404",184,651
"999",2018-09-30,"Queens","405",170,640
"1000",2018-09-30,"Queens","406",282,741
"1001",2018-09-30,"Queens","407",159,414
"1002",2018-09-30,"Queens","408",180,620
"1003",2018-09-30,"Queens","409",211,742
"1004",2018-09-30,"Queens","410",198,655
"1005",2018-09-30,"Queens","411",293,773
"1006",2018-09-30,"Queens","412",768,216
"1007",2018-09-30,"Queens","413",375,942
"1008",2018-09-30,"Queens","414",537,30
"1009",2018-10-31,"Bronx","201",834,475
"1010",2018-10-31,"Bronx","202",510,19
"1011",2018-10-31,"Bronx","203",744,279
"1012",2018-10-31,"Bronx","204",21,530
"1013",2018-10-31,"Bronx","205",848,493
"1014",2018-10-31,"Bronx","206",654,213
"1015",2018-10-31,"Bronx","207",608,106
"1016",2018-10-31,"Bronx","208",270,837
"1017",2018-10-31,"Bronx","209",806,443
"1018",2018-10-31,"Bronx","210",306,881
"1019",2018-10-31,"Bronx","211",416,1053
"1020",2018-10-31,"Bronx","212",741,264
"1021",2018-10-31,"Brooklyn","301",298,833
"1022",2018-10-31,"Brooklyn","302",301,791
"1023",2018-10-31,"Brooklyn","303",853,267
"1024",2018-10-31,"Brooklyn","304",457,1062
"1025",2018-10-31,"Brooklyn","305",84,574
"1026",2018-10-31,"Brooklyn","306",225,737
"1027",2018-10-31,"Brooklyn","307",186,670
"1028",2018-10-31,"Brooklyn","308",517,1137
"1029",2018-10-31,"Brooklyn","309",398,955
"1030",2018-10-31,"Brooklyn","310",554,1159
"1031",2018-10-31,"Brooklyn","311",157,605
"1032",2018-10-31,"Brooklyn","312",694,373
"1033",2018-10-31,"Brooklyn","313",279,815
"1034",2018-10-31,"Brooklyn","314",362,948
"1035",2018-10-31,"Brooklyn","315",821,406
"1036",2018-10-31,"Brooklyn","316",691,208
"1037",2018-10-31,"Brooklyn","317",615,70
"1038",2018-10-31,"Brooklyn","318",466,1088
"1039",2018-10-31,"Manhattan","101",246,779
"1040",2018-10-31,"Manhattan","102",330,773
"1041",2018-10-31,"Manhattan","103",414,972
"1042",2018-10-31,"Manhattan","104",249,671
"1043",2018-10-31,"Manhattan","105",175,400
"1044",2018-10-31,"Manhattan","106",165,365
"1045",2018-10-31,"Manhattan","107",249,735
"1046",2018-10-31,"Manhattan","108",664,1179
"1047",2018-10-31,"Manhattan","109",422,1011
"1048",2018-10-31,"Manhattan","110",720,108
"1049",2018-10-31,"Manhattan","111",687,85
"1050",2018-10-31,"Manhattan","112",485,1106
"1051",2018-10-31,"Queens","401",552,1042
"1052",2018-10-31,"Queens","402",308,731
"1053",2018-10-31,"Queens","403",206,729
"1054",2018-10-31,"Queens","404",168,623
"1055",2018-10-31,"Queens","405",178,649
"1056",2018-10-31,"Queens","406",350,816
"1057",2018-10-31,"Queens","407",159,409
"1058",2018-10-31,"Queens","408",193,631
"1059",2018-10-31,"Queens","409",211,739
"1060",2018-10-31,"Queens","410",210,678
"1061",2018-10-31,"Queens","411",303,787
"1062",2018-10-31,"Queens","412",781,227
"1063",2018-10-31,"Queens","413",382,959
"1064",2018-10-31,"Queens","414",544,27
"1065",2018-11-30,"Bronx","201",828,472
"1066",2018-11-30,"Bronx","202",511,17
"1067",2018-11-30,"Bronx","203",739,289
"1068",2018-11-30,"Bronx","204",16,528
"1069",2018-11-30,"Bronx","205",836,493
"1070",2018-11-30,"Bronx","206",655,217
"1071",2018-11-30,"Bronx","207",618,111
"1072",2018-11-30,"Bronx","208",270,830
"1073",2018-11-30,"Bronx","209",792,426
"1074",2018-11-30,"Bronx","210",315,897
"1075",2018-11-30,"Bronx","211",421,1048
"1076",2018-11-30,"Bronx","212",729,251
"1077",2018-11-30,"Brooklyn","301",305,809
"1078",2018-11-30,"Brooklyn","302",314,810
"1079",2018-11-30,"Brooklyn","303",855,270
"1080",2018-11-30,"Brooklyn","304",447,1043
"1081",2018-11-30,"Brooklyn","305",82,567
"1082",2018-11-30,"Brooklyn","306",223,727
"1083",2018-11-30,"Brooklyn","307",190,690
"1084",2018-11-30,"Brooklyn","308",506,1111
"1085",2018-11-30,"Brooklyn","309",401,960
"1086",2018-11-30,"Brooklyn","310",546,1124
"1087",2018-11-30,"Brooklyn","311",157,601
"1088",2018-11-30,"Brooklyn","312",674,375
"1089",2018-11-30,"Brooklyn","313",287,820
"1090",2018-11-30,"Brooklyn","314",366,950
"1091",2018-11-30,"Brooklyn","315",857,413
"1092",2018-11-30,"Brooklyn","316",692,193
"1093",2018-11-30,"Brooklyn","317",606,58
"1094",2018-11-30,"Brooklyn","318",452,1079
"1095",2018-11-30,"Manhattan","101",249,776
"1096",2018-11-30,"Manhattan","102",357,794
"1097",2018-11-30,"Manhattan","103",405,965
"1098",2018-11-30,"Manhattan","104",255,675
"1099",2018-11-30,"Manhattan","105",185,596
"1100",2018-11-30,"Manhattan","106",167,368
"1101",2018-11-30,"Manhattan","107",247,731
"1102",2018-11-30,"Manhattan","108",705,325
"1103",2018-11-30,"Manhattan","109",414,1000
"1104",2018-11-30,"Manhattan","110",672,88
"1105",2018-11-30,"Manhattan","111",690,79
"1106",2018-11-30,"Manhattan","112",477,1105
"1107",2018-11-30,"Queens","401",558,1055
"1108",2018-11-30,"Queens","402",315,744
"1109",2018-11-30,"Queens","403",209,745
"1110",2018-11-30,"Queens","404",170,626
"1111",2018-11-30,"Queens","405",184,653
"1112",2018-11-30,"Queens","406",312,773
"1113",2018-11-30,"Queens","407",160,416
"1114",2018-11-30,"Queens","408",197,648
"1115",2018-11-30,"Queens","409",209,731
"1116",2018-11-30,"Queens","410",211,691
"1117",2018-11-30,"Queens","411",293,763
"1118",2018-11-30,"Queens","412",772,214
"1119",2018-11-30,"Queens","413",391,968
"1120",2018-11-30,"Queens","414",544,28
"1121",2018-12-31,"Bronx","201",837,474
"1122",2018-12-31,"Bronx","202",526,24
"1123",2018-12-31,"Bronx","203",727,278
"1124",2018-12-31,"Bronx","204",13,526
"1125",2018-12-31,"Bronx","205",825,485
"1126",2018-12-31,"Bronx","206",651,211
"1127",2018-12-31,"Bronx","207",594,75
"1128",2018-12-31,"Bronx","208",251,793
"1129",2018-12-31,"Bronx","209",786,425
"1130",2018-12-31,"Bronx","210",304,869
"1131",2018-12-31,"Bronx","211",429,1063
"1132",2018-12-31,"Bronx","212",729,256
"1133",2018-12-31,"Brooklyn","301",306,828
"1134",2018-12-31,"Brooklyn","302",328,826
"1135",2018-12-31,"Brooklyn","303",852,260
"1136",2018-12-31,"Brooklyn","304",452,1059
"1137",2018-12-31,"Brooklyn","305",86,569
"1138",2018-12-31,"Brooklyn","306",224,726
"1139",2018-12-31,"Brooklyn","307",191,690
"1140",2018-12-31,"Brooklyn","308",496,1106
"1141",2018-12-31,"Brooklyn","309",402,962
"1142",2018-12-31,"Brooklyn","310",561,1147
"1143",2018-12-31,"Brooklyn","311",857,596
"1144",2018-12-31,"Brooklyn","312",737,376
"1145",2018-12-31,"Brooklyn","313",276,797
"1146",2018-12-31,"Brooklyn","314",369,940
"1147",2018-12-31,"Brooklyn","315",790,385
"1148",2018-12-31,"Brooklyn","316",714,203
"1149",2018-12-31,"Brooklyn","317",599,61
"1150",2018-12-31,"Brooklyn","318",469,1101
"1151",2018-12-31,"Manhattan","101",245,779
"1152",2018-12-31,"Manhattan","102",379,825
"1153",2018-12-31,"Manhattan","103",407,973
"1154",2018-12-31,"Manhattan","104",244,659
"1155",2018-12-31,"Manhattan","105",181,417
"1156",2018-12-31,"Manhattan","106",167,376
"1157",2018-12-31,"Manhattan","107",241,697
"1158",2018-12-31,"Manhattan","108",683,331
"1159",2018-12-31,"Manhattan","109",410,986
"1160",2018-12-31,"Manhattan","110",692,93
"1161",2018-12-31,"Manhattan","111",688,87
"1162",2018-12-31,"Manhattan","112",466,1091
"1163",2018-12-31,"Queens","401",547,1031
"1164",2018-12-31,"Queens","402",324,753
"1165",2018-12-31,"Queens","403",208,744
"1166",2018-12-31,"Queens","404",168,615
"1167",2018-12-31,"Queens","405",182,645
"1168",2018-12-31,"Queens","406",303,756
"1169",2018-12-31,"Queens","407",158,412
"1170",2018-12-31,"Queens","408",206,661
"1171",2018-12-31,"Queens","409",214,727
"1172",2018-12-31,"Queens","410",208,682
"1173",2018-12-31,"Queens","411",330,794
"1174",2018-12-31,"Queens","412",773,214
"1175",2018-12-31,"Queens","413",393,967
"1176",2018-12-31,"Queens","414",543,29
"1177",2019-01-31,"Bronx","201",779,447
"1178",2019-01-31,"Bronx","202",488,11
"1179",2019-01-31,"Bronx","203",757,310
"1180",2019-01-31,"Bronx","204",840,506
"1181",2019-01-31,"Bronx","205",817,484
"1182",2019-01-31,"Bronx","206",630,173
"1183",2019-01-31,"Bronx","207",636,132
"1184",2019-01-31,"Bronx","208",230,774
"1185",2019-01-31,"Bronx","209",752,309
"1186",2019-01-31,"Bronx","210",275,835
"1187",2019-01-31,"Bronx","211",396,1038
"1188",2019-01-31,"Bronx","212",688,237
"1189",2019-01-31,"Brooklyn","301",318,877
"1190",2019-01-31,"Brooklyn","302",327,859
"1191",2019-01-31,"Brooklyn","303",7,424
"1192",2019-01-31,"Brooklyn","304",472,1123
"1193",2019-01-31,"Brooklyn","305",70,568
"1194",2019-01-31,"Brooklyn","306",229,754
"1195",2019-01-31,"Brooklyn","307",191,680
"1196",2019-01-31,"Brooklyn","308",514,1149
"1197",2019-01-31,"Brooklyn","309",369,952
"1198",2019-01-31,"Brooklyn","310",583,327
"1199",2019-01-31,"Brooklyn","311",777,387
"1200",2019-01-31,"Brooklyn","312",799,386
"1201",2019-01-31,"Brooklyn","313",288,846
"1202",2019-01-31,"Brooklyn","314",367,939
"1203",2019-01-31,"Brooklyn","315",159,627
"1204",2019-01-31,"Brooklyn","316",736,222
"1205",2019-01-31,"Brooklyn","317",601,68
"1206",2019-01-31,"Brooklyn","318",423,1047
"1207",2019-01-31,"Manhattan","101",247,805
"1208",2019-01-31,"Manhattan","102",390,834
"1209",2019-01-31,"Manhattan","103",414,992
"1210",2019-01-31,"Manhattan","104",266,725
"1211",2019-01-31,"Manhattan","105",210,607
"1212",2019-01-31,"Manhattan","106",838,354
"1213",2019-01-31,"Manhattan","107",283,791
"1214",2019-01-31,"Manhattan","108",627,1175
"1215",2019-01-31,"Manhattan","109",459,1039
"1216",2019-01-31,"Manhattan","110",725,139
"1217",2019-01-31,"Manhattan","111",734,129
"1218",2019-01-31,"Manhattan","112",480,1117
"1219",2019-01-31,"Queens","401",492,967
"1220",2019-01-31,"Queens","402",279,688
"1221",2019-01-31,"Queens","403",198,695
"1222",2019-01-31,"Queens","404",178,653
"1223",2019-01-31,"Queens","405",191,695
"1224",2019-01-31,"Queens","406",350,816
"1225",2019-01-31,"Queens","407",857,406
"1226",2019-01-31,"Queens","408",191,638
"1227",2019-01-31,"Queens","409",204,681
"1228",2019-01-31,"Queens","410",170,621
"1229",2019-01-31,"Queens","411",216,614
"1230",2019-01-31,"Queens","412",735,173
"1231",2019-01-31,"Queens","413",352,904
"1232",2019-01-31,"Queens","414",500,1162
"1233",2019-02-28,"Bronx","201",773,438
"1234",2019-02-28,"Bronx","202",473,4
"1235",2019-02-28,"Bronx","203",736,295
"1236",2019-02-28,"Bronx","204",839,504
"1237",2019-02-28,"Bronx","205",818,482
"1238",2019-02-28,"Bronx","206",640,182
"1239",2019-02-28,"Bronx","207",625,113
"1240",2019-02-28,"Bronx","208",230,770
"1241",2019-02-28,"Bronx","209",739,281
"1242",2019-02-28,"Bronx","210",283,850
"1243",2019-02-28,"Bronx","211",411,1054
"1244",2019-02-28,"Bronx","212",677,225
"1245",2019-02-28,"Brooklyn","301",320,871
"1246",2019-02-28,"Brooklyn","302",331,858
"1247",2019-02-28,"Brooklyn","303",4,422
"1248",2019-02-28,"Brooklyn","304",460,1105
"1249",2019-02-28,"Brooklyn","305",64,556
"1250",2019-02-28,"Brooklyn","306",223,751
"1251",2019-02-28,"Brooklyn","307",188,672
"1252",2019-02-28,"Brooklyn","308",527,1173
"1253",2019-02-28,"Brooklyn","309",370,949
"1254",2019-02-28,"Brooklyn","310",602,334
"1255",2019-02-28,"Brooklyn","311",821,390
"1256",2019-02-28,"Brooklyn","312",821,383
"1257",2019-02-28,"Brooklyn","313",284,847
"1258",2019-02-28,"Brooklyn","314",354,913
"1259",2019-02-28,"Brooklyn","315",159,623
"1260",2019-02-28,"Brooklyn","316",708,186
"1261",2019-02-28,"Brooklyn","317",592,60
"1262",2019-02-28,"Brooklyn","318",432,1059
"1263",2019-02-28,"Manhattan","101",246,793
"1264",2019-02-28,"Manhattan","102",341,763
"1265",2019-02-28,"Manhattan","103",418,1001
"1266",2019-02-28,"Manhattan","104",274,727
"1267",2019-02-28,"Manhattan","105",200,418
"1268",2019-02-28,"Manhattan","106",157,365
"1269",2019-02-28,"Manhattan","107",286,791
"1270",2019-02-28,"Manhattan","108",657,319
"1271",2019-02-28,"Manhattan","109",459,1046
"1272",2019-02-28,"Manhattan","110",715,132
"1273",2019-02-28,"Manhattan","111",698,103
"1274",2019-02-28,"Manhattan","112",488,1122
"1275",2019-02-28,"Queens","401",486,954
"1276",2019-02-28,"Queens","402",274,684
"1277",2019-02-28,"Queens","403",197,697
"1278",2019-02-28,"Queens","404",178,656
"1279",2019-02-28,"Queens","405",192,720
"1280",2019-02-28,"Queens","406",368,825
"1281",2019-02-28,"Queens","407",851,399
"1282",2019-02-28,"Queens","408",203,655
"1283",2019-02-28,"Queens","409",208,674
"1284",2019-02-28,"Queens","410",173,622
"1285",2019-02-28,"Queens","411",216,614
"1286",2019-02-28,"Queens","412",727,168
"1287",2019-02-28,"Queens","413",358,901
"1288",2019-02-28,"Queens","414",499,1155
"1289",2019-03-31,"Bronx","201",817,458
"1290",2019-03-31,"Bronx","202",506,8
"1291",2019-03-31,"Bronx","203",733,291
"1292",2019-03-31,"Bronx","204",25,525
"1293",2019-03-31,"Bronx","205",836,488
"1294",2019-03-31,"Bronx","206",652,189
"1295",2019-03-31,"Bronx","207",598,66
"1296",2019-03-31,"Bronx","208",253,778
"1297",2019-03-31,"Bronx","209",787,429
"1298",2019-03-31,"Bronx","210",297,865
"1299",2019-03-31,"Bronx","211",433,1067
"1300",2019-03-31,"Bronx","212",753,259
"1301",2019-03-31,"Brooklyn","301",302,817
"1302",2019-03-31,"Brooklyn","302",328,826
"1303",2019-03-31,"Brooklyn","303",828,216
"1304",2019-03-31,"Brooklyn","304",435,1019
"1305",2019-03-31,"Brooklyn","305",91,573
"1306",2019-03-31,"Brooklyn","306",219,686
"1307",2019-03-31,"Brooklyn","307",184,664
"1308",2019-03-31,"Brooklyn","308",503,1112
"1309",2019-03-31,"Brooklyn","309",396,955
"1310",2019-03-31,"Brooklyn","310",622,334
"1311",2019-03-31,"Brooklyn","311",157,608
"1312",2019-03-31,"Brooklyn","312",799,382
"1313",2019-03-31,"Brooklyn","313",267,807
"1314",2019-03-31,"Brooklyn","314",365,934
"1315",2019-03-31,"Brooklyn","315",777,382
"1316",2019-03-31,"Brooklyn","316",672,155
"1317",2019-03-31,"Brooklyn","317",618,86
"1318",2019-03-31,"Brooklyn","318",462,1074
"1319",2019-03-31,"Manhattan","101",276,820
"1320",2019-03-31,"Manhattan","102",368,769
"1321",2019-03-31,"Manhattan","103",404,962
"1322",2019-03-31,"Manhattan","104",270,696
"1323",2019-03-31,"Manhattan","105",808,349
"1324",2019-03-31,"Manhattan","106",178,378
"1325",2019-03-31,"Manhattan","107",240,689
"1326",2019-03-31,"Manhattan","108",782,341
"1327",2019-03-31,"Manhattan","109",417,976
"1328",2019-03-31,"Manhattan","110",696,82
"1329",2019-03-31,"Manhattan","111",690,84
"1330",2019-03-31,"Manhattan","112",454,1062
"1331",2019-03-31,"Queens","401",560,1042
"1332",2019-03-31,"Queens","402",337,751
"1333",2019-03-31,"Queens","403",204,728
"1334",2019-03-31,"Queens","404",176,607
"1335",2019-03-31,"Queens","405",186,657
"1336",2019-03-31,"Queens","406",293,756
"1337",2019-03-31,"Queens","407",166,598
"1338",2019-03-31,"Queens","408",203,660
"1339",2019-03-31,"Queens","409",218,722
"1340",2019-03-31,"Queens","410",215,697
"1341",2019-03-31,"Queens","411",227,665
"1342",2019-03-31,"Queens","412",804,231
"1343",2019-03-31,"Queens","413",377,958
"1344",2019-03-31,"Queens","414",528,5
"1345",2019-04-30,"Bronx","201",797,434
"1346",2019-04-30,"Bronx","202",506,9
"1347",2019-04-30,"Bronx","203",738,275
"1348",2019-04-30,"Bronx","204",11,512
"1349",2019-04-30,"Bronx","205",826,471
"1350",2019-04-30,"Bronx","206",649,171
"1351",2019-04-30,"Bronx","207",576,44
"1352",2019-04-30,"Bronx","208",254,775
"1353",2019-04-30,"Bronx","209",766,289
"1354",2019-04-30,"Bronx","210",296,861
"1355",2019-04-30,"Bronx","211",415,1050
"1356",2019-04-30,"Bronx","212",742,232
"1357",2019-04-30,"Brooklyn","301",291,812
"1358",2019-04-30,"Brooklyn","302",337,829
"1359",2019-04-30,"Brooklyn","303",819,205
"1360",2019-04-30,"Brooklyn","304",427,1002
"1361",2019-04-30,"Brooklyn","305",84,564
"1362",2019-04-30,"Brooklyn","306",221,685
"1363",2019-04-30,"Brooklyn","307",191,671
"1364",2019-04-30,"Brooklyn","308",501,1112
"1365",2019-04-30,"Brooklyn","309",397,952
"1366",2019-04-30,"Brooklyn","310",602,334
"1367",2019-04-30,"Brooklyn","311",157,607
"1368",2019-04-30,"Brooklyn","312",770,361
"1369",2019-04-30,"Brooklyn","313",272,793
"1370",2019-04-30,"Brooklyn","314",372,948
"1371",2019-04-30,"Brooklyn","315",777,378
"1372",2019-04-30,"Brooklyn","316",666,134
"1373",2019-04-30,"Brooklyn","317",603,64
"1374",2019-04-30,"Brooklyn","318",467,1092
"1375",2019-04-30,"Manhattan","101",291,836
"1376",2019-04-30,"Manhattan","102",390,794
"1377",2019-04-30,"Manhattan","103",407,960
"1378",2019-04-30,"Manhattan","104",288,733
"1379",2019-04-30,"Manhattan","105",838,354
"1380",2019-04-30,"Manhattan","106",168,365
"1381",2019-04-30,"Manhattan","107",237,686
"1382",2019-04-30,"Manhattan","108",705,329
"1383",2019-04-30,"Manhattan","109",424,969
"1384",2019-04-30,"Manhattan","110",669,66
"1385",2019-04-30,"Manhattan","111",698,90
"1386",2019-04-30,"Manhattan","112",449,1030
"1387",2019-04-30,"Queens","401",553,1028
"1388",2019-04-30,"Queens","402",337,755
"1389",2019-04-30,"Queens","403",198,694
"1390",2019-04-30,"Queens","404",179,607
"1391",2019-04-30,"Queens","405",191,652
"1392",2019-04-30,"Queens","406",374,886
"1393",2019-04-30,"Queens","407",171,599
"1394",2019-04-30,"Queens","408",209,667
"1395",2019-04-30,"Queens","409",219,719
"1396",2019-04-30,"Queens","410",196,662
"1397",2019-04-30,"Queens","411",238,654
"1398",2019-04-30,"Queens","412",800,215
"1399",2019-04-30,"Queens","413",384,955
"1400",2019-04-30,"Queens","414",538,16
"1401",2019-05-31,"Bronx","201",769,298
"1402",2019-05-31,"Bronx","202",510,13
"1403",2019-05-31,"Bronx","203",743,292
"1404",2019-05-31,"Bronx","204",860,499
"1405",2019-05-31,"Bronx","205",806,454
"1406",2019-05-31,"Bronx","206",640,156
"1407",2019-05-31,"Bronx","207",575,49
"1408",2019-05-31,"Bronx","208",242,765
"1409",2019-05-31,"Bronx","209",732,262
"1410",2019-05-31,"Bronx","210",299,868
"1411",2019-05-31,"Bronx","211",416,1050
"1412",2019-05-31,"Bronx","212",745,233
"1413",2019-05-31,"Brooklyn","301",291,820
"1414",2019-05-31,"Brooklyn","302",323,807
"1415",2019-05-31,"Brooklyn","303",794,191
"1416",2019-05-31,"Brooklyn","304",403,978
"1417",2019-05-31,"Brooklyn","305",74,554
"1418",2019-05-31,"Brooklyn","306",200,663
"1419",2019-05-31,"Brooklyn","307",175,637
"1420",2019-05-31,"Brooklyn","308",495,1104
"1421",2019-05-31,"Brooklyn","309",385,934
"1422",2019-05-31,"Brooklyn","310",596,334
"1423",2019-05-31,"Brooklyn","311",159,610
"1424",2019-05-31,"Brooklyn","312",694,351
"1425",2019-05-31,"Brooklyn","313",263,796
"1426",2019-05-31,"Brooklyn","314",367,932
"1427",2019-05-31,"Brooklyn","315",782,376
"1428",2019-05-31,"Brooklyn","316",650,112
"1429",2019-05-31,"Brooklyn","317",585,51
"1430",2019-05-31,"Brooklyn","318",464,1089
"1431",2019-05-31,"Manhattan","101",284,833
"1432",2019-05-31,"Manhattan","102",350,773
"1433",2019-05-31,"Manhattan","103",396,951
"1434",2019-05-31,"Manhattan","104",272,718
"1435",2019-05-31,"Manhattan","105",790,345
"1436",2019-05-31,"Manhattan","106",165,365
"1437",2019-05-31,"Manhattan","107",239,717
"1438",2019-05-31,"Manhattan","108",716,336
"1439",2019-05-31,"Manhattan","109",430,974
"1440",2019-05-31,"Manhattan","110",662,64
"1441",2019-05-31,"Manhattan","111",668,71
"1442",2019-05-31,"Manhattan","112",455,1028
"1443",2019-05-31,"Queens","401",556,1018
"1444",2019-05-31,"Queens","402",338,759
"1445",2019-05-31,"Queens","403",204,696
"1446",2019-05-31,"Queens","404",170,602
"1447",2019-05-31,"Queens","405",185,642
"1448",2019-05-31,"Queens","406",330,825
"1449",2019-05-31,"Queens","407",177,605
"1450",2019-05-31,"Queens","408",208,673
"1451",2019-05-31,"Queens","409",215,691
"1452",2019-05-31,"Queens","410",191,651
"1453",2019-05-31,"Queens","411",261,676
"1454",2019-05-31,"Queens","412",785,210
"1455",2019-05-31,"Queens","413",381,943
"1456",2019-05-31,"Queens","414",528,1182
"1457",2019-06-30,"Bronx","201",784,315
"1458",2019-06-30,"Bronx","202",507,12
"1459",2019-06-30,"Bronx","203",751,301
"1460",2019-06-30,"Bronx","204",861,497
"1461",2019-06-30,"Bronx","205",795,449
"1462",2019-06-30,"Bronx","206",644,169
"1463",2019-06-30,"Bronx","207",577,50
"1464",2019-06-30,"Bronx","208",232,751
"1465",2019-06-30,"Bronx","209",741,264
"1466",2019-06-30,"Bronx","210",292,859
"1467",2019-06-30,"Bronx","211",430,1070
"1468",2019-06-30,"Bronx","212",747,234
"1469",2019-06-30,"Brooklyn","301",294,824
"1470",2019-06-30,"Brooklyn","302",318,795
"1471",2019-06-30,"Brooklyn","303",796,183
"1472",2019-06-30,"Brooklyn","304",406,994
"1473",2019-06-30,"Brooklyn","305",71,546
"1474",2019-06-30,"Brooklyn","306",217,691
"1475",2019-06-30,"Brooklyn","307",177,646
"1476",2019-06-30,"Brooklyn","308",487,1090
"1477",2019-06-30,"Brooklyn","309",394,936
"1478",2019-06-30,"Brooklyn","310",607,341
"1479",2019-06-30,"Brooklyn","311",156,605
"1480",2019-06-30,"Brooklyn","312",694,353
"1481",2019-06-30,"Brooklyn","313",257,789
"1482",2019-06-30,"Brooklyn","314",373,939
"1483",2019-06-30,"Brooklyn","315",154,393
"1484",2019-06-30,"Brooklyn","316",667,147
"1485",2019-06-30,"Brooklyn","317",590,56
"1486",2019-06-30,"Brooklyn","318",434,1051
"1487",2019-06-30,"Manhattan","101",288,845
"1488",2019-06-30,"Manhattan","102",350,773
"1489",2019-06-30,"Manhattan","103",383,918
"1490",2019-06-30,"Manhattan","104",279,722
"1491",2019-06-30,"Manhattan","105",799,348
"1492",2019-06-30,"Manhattan","106",161,361
"1493",2019-06-30,"Manhattan","107",234,689
"1494",2019-06-30,"Manhattan","108",726,337
"1495",2019-06-30,"Manhattan","109",423,971
"1496",2019-06-30,"Manhattan","110",663,72
"1497",2019-06-30,"Manhattan","111",673,74
"1498",2019-06-30,"Manhattan","112",441,1014
"1499",2019-06-30,"Queens","401",549,992
"1500",2019-06-30,"Queens","402",344,766
"1501",2019-06-30,"Queens","403",199,685
"1502",2019-06-30,"Queens","404",171,600
"1503",2019-06-30,"Queens","405",179,633
"1504",2019-06-30,"Queens","406",374,886
"1505",2019-06-30,"Queens","407",182,618
"1506",2019-06-30,"Queens","408",213,680
"1507",2019-06-30,"Queens","409",217,685
"1508",2019-06-30,"Queens","410",189,646
"1509",2019-06-30,"Queens","411",271,712
"1510",2019-06-30,"Queens","412",767,192
"1511",2019-06-30,"Queens","413",385,964
"1512",2019-06-30,"Queens","414",535,14
"1513",2019-07-31,"Bronx","201",783,423
"1514",2019-07-31,"Bronx","202",504,21
"1515",2019-07-31,"Bronx","203",732,297
"1516",2019-07-31,"Bronx","204",12,515
"1517",2019-07-31,"Bronx","205",791,448
"1518",2019-07-31,"Bronx","206",645,158
"1519",2019-07-31,"Bronx","207",587,57
"1520",2019-07-31,"Bronx","208",221,740
"1521",2019-07-31,"Bronx","209",752,269
"1522",2019-07-31,"Bronx","210",297,870
"1523",2019-07-31,"Bronx","211",440,1075
"1524",2019-07-31,"Bronx","212",766,258
"1525",2019-07-31,"Brooklyn","301",295,823
"1526",2019-07-31,"Brooklyn","302",321,798
"1527",2019-07-31,"Brooklyn","303",811,201
"1528",2019-07-31,"Brooklyn","304",411,995
"1529",2019-07-31,"Brooklyn","305",75,553
"1530",2019-07-31,"Brooklyn","306",208,670
"1531",2019-07-31,"Brooklyn","307",177,649
"1532",2019-07-31,"Brooklyn","308",487,1077
"1533",2019-07-31,"Brooklyn","309",400,943
"1534",2019-07-31,"Brooklyn","310",589,333
"1535",2019-07-31,"Brooklyn","311",157,601
"1536",2019-07-31,"Brooklyn","312",664,351
"1537",2019-07-31,"Brooklyn","313",266,792
"1538",2019-07-31,"Brooklyn","314",367,919
"1539",2019-07-31,"Brooklyn","315",821,383
"1540",2019-07-31,"Brooklyn","316",658,126
"1541",2019-07-31,"Brooklyn","317",582,52
"1542",2019-07-31,"Brooklyn","318",436,1044
"1543",2019-07-31,"Manhattan","101",281,838
"1544",2019-07-31,"Manhattan","102",368,808
"1545",2019-07-31,"Manhattan","103",377,914
"1546",2019-07-31,"Manhattan","104",284,729
"1547",2019-07-31,"Manhattan","105",782,347
"1548",2019-07-31,"Manhattan","106",156,345
"1549",2019-07-31,"Manhattan","107",244,718
"1550",2019-07-31,"Manhattan","108",777,351
"1551",2019-07-31,"Manhattan","109",426,980
"1552",2019-07-31,"Manhattan","110",673,83
"1553",2019-07-31,"Manhattan","111",689,92
"1554",2019-07-31,"Manhattan","112",442,1003
"1555",2019-07-31,"Queens","401",553,1014
"1556",2019-07-31,"Queens","402",351,772
"1557",2019-07-31,"Queens","403",199,671
"1558",2019-07-31,"Queens","404",171,606
"1559",2019-07-31,"Queens","405",182,635
"1560",2019-07-31,"Queens","406",390,895
"1561",2019-07-31,"Queens","407",178,617
"1562",2019-07-31,"Queens","408",223,715
"1563",2019-07-31,"Queens","409",217,722
"1564",2019-07-31,"Queens","410",199,669
"1565",2019-07-31,"Queens","411",261,687
"1566",2019-07-31,"Queens","412",767,178
"1567",2019-07-31,"Queens","413",377,951
"1568",2019-07-31,"Queens","414",543,23
"1569",2019-08-31,"Bronx","201",802,437
"1570",2019-08-31,"Bronx","202",510,22
"1571",2019-08-31,"Bronx","203",741,307
"1572",2019-08-31,"Bronx","204",10,511
"1573",2019-08-31,"Bronx","205",805,461
"1574",2019-08-31,"Bronx","206",639,138
"1575",2019-08-31,"Bronx","207",588,63
"1576",2019-08-31,"Bronx","208",230,752
"1577",2019-08-31,"Bronx","209",765,292
"1578",2019-08-31,"Bronx","210",301,882
"1579",2019-08-31,"Bronx","211",438,1076
"1580",2019-08-31,"Bronx","212",766,281
"1581",2019-08-31,"Brooklyn","301",301,839
"1582",2019-08-31,"Brooklyn","302",322,802
"1583",2019-08-31,"Brooklyn","303",810,204
"1584",2019-08-31,"Brooklyn","304",412,1006
"1585",2019-08-31,"Brooklyn","305",76,566
"1586",2019-08-31,"Brooklyn","306",199,659
"1587",2019-08-31,"Brooklyn","307",180,653
"1588",2019-08-31,"Brooklyn","308",472,1051
"1589",2019-08-31,"Brooklyn","309",402,953
"1590",2019-08-31,"Brooklyn","310",578,333
"1591",2019-08-31,"Brooklyn","311",851,597
"1592",2019-08-31,"Brooklyn","312",664,355
"1593",2019-08-31,"Brooklyn","313",272,802
"1594",2019-08-31,"Brooklyn","314",372,914
"1595",2019-08-31,"Brooklyn","315",821,380
"1596",2019-08-31,"Brooklyn","316",666,143
"1597",2019-08-31,"Brooklyn","317",584,48
"1598",2019-08-31,"Brooklyn","318",444,1070
"1599",2019-08-31,"Manhattan","101",285,838
"1600",2019-08-31,"Manhattan","102",374,825
"1601",2019-08-31,"Manhattan","103",383,920
"1602",2019-08-31,"Manhattan","104",283,724
"1603",2019-08-31,"Manhattan","105",755,338
"1604",2019-08-31,"Manhattan","106",167,367
"1605",2019-08-31,"Manhattan","107",255,731
"1606",2019-08-31,"Manhattan","108",782,355
"1607",2019-08-31,"Manhattan","109",446,1013
"1608",2019-08-31,"Manhattan","110",661,77
"1609",2019-08-31,"Manhattan","111",670,84
"1610",2019-08-31,"Manhattan","112",440,1009
"1611",2019-08-31,"Queens","401",545,988
"1612",2019-08-31,"Queens","402",358,782
"1613",2019-08-31,"Queens","403",203,679
"1614",2019-08-31,"Queens","404",177,616
"1615",2019-08-31,"Queens","405",184,639
"1616",2019-08-31,"Queens","406",390,895
"1617",2019-08-31,"Queens","407",173,621
"1618",2019-08-31,"Queens","408",222,692
"1619",2019-08-31,"Queens","409",217,716
"1620",2019-08-31,"Queens","410",192,651
"1621",2019-08-31,"Queens","411",238,665
"1622",2019-08-31,"Queens","412",780,213
"1623",2019-08-31,"Queens","413",388,971
"1624",2019-08-31,"Queens","414",532,22
"1625",2019-09-30,"Bronx","201",823,467
"1626",2019-09-30,"Bronx","202",511,23
"1627",2019-09-30,"Bronx","203",742,287
"1628",2019-09-30,"Bronx","204",7,517
"1629",2019-09-30,"Bronx","205",813,468
"1630",2019-09-30,"Bronx","206",647,154
"1631",2019-09-30,"Bronx","207",591,65
"1632",2019-09-30,"Bronx","208",218,739
"1633",2019-09-30,"Bronx","209",776,313
"1634",2019-09-30,"Bronx","210",306,879
"1635",2019-09-30,"Bronx","211",444,1092
"1636",2019-09-30,"Bronx","212",767,268
"1637",2019-09-30,"Brooklyn","301",305,852
"1638",2019-09-30,"Brooklyn","302",329,807
"1639",2019-09-30,"Brooklyn","303",827,229
"1640",2019-09-30,"Brooklyn","304",419,1013
"1641",2019-09-30,"Brooklyn","305",90,582
"1642",2019-09-30,"Brooklyn","306",201,661
"1643",2019-09-30,"Brooklyn","307",178,634
"1644",2019-09-30,"Brooklyn","308",461,1042
"1645",2019-09-30,"Brooklyn","309",404,956
"1646",2019-09-30,"Brooklyn","310",596,343
"1647",2019-09-30,"Brooklyn","311",159,603
"1648",2019-09-30,"Brooklyn","312",657,356
"1649",2019-09-30,"Brooklyn","313",273,789
"1650",2019-09-30,"Brooklyn","314",366,911
"1651",2019-09-30,"Brooklyn","315",838,385
"1652",2019-09-30,"Brooklyn","316",669,146
"1653",2019-09-30,"Brooklyn","317",590,43
"1654",2019-09-30,"Brooklyn","318",453,1076
"1655",2019-09-30,"Manhattan","101",286,848
"1656",2019-09-30,"Manhattan","102",374,825
"1657",2019-09-30,"Manhattan","103",391,916
"1658",2019-09-30,"Manhattan","104",264,689
"1659",2019-09-30,"Manhattan","105",755,344
"1660",2019-09-30,"Manhattan","106",161,360
"1661",2019-09-30,"Manhattan","107",262,740
"1662",2019-09-30,"Manhattan","108",790,358
"1663",2019-09-30,"Manhattan","109",445,1023
"1664",2019-09-30,"Manhattan","110",697,96
"1665",2019-09-30,"Manhattan","111",675,81
"1666",2019-09-30,"Manhattan","112",445,1028
"1667",2019-09-30,"Queens","401",541,983
"1668",2019-09-30,"Queens","402",356,785
"1669",2019-09-30,"Queens","403",202,674
"1670",2019-09-30,"Queens","404",185,630
"1671",2019-09-30,"Queens","405",186,649
"1672",2019-09-30,"Queens","406",379,895
"1673",2019-09-30,"Queens","407",186,642
"1674",2019-09-30,"Queens","408",222,690
"1675",2019-09-30,"Queens","409",226,722
"1676",2019-09-30,"Queens","410",196,668
"1677",2019-09-30,"Queens","411",227,665
"1678",2019-09-30,"Queens","412",796,239
"1679",2019-09-30,"Queens","413",402,993
"1680",2019-09-30,"Queens","414",550,33
"1681",2019-10-31,"Bronx","201",822,456
"1682",2019-10-31,"Bronx","202",499,20
"1683",2019-10-31,"Bronx","203",743,288
"1684",2019-10-31,"Bronx","204",5,520
"1685",2019-10-31,"Bronx","205",800,459
"1686",2019-10-31,"Bronx","206",642,159
"1687",2019-10-31,"Bronx","207",598,73
"1688",2019-10-31,"Bronx","208",226,743
"1689",2019-10-31,"Bronx","209",773,423
"1690",2019-10-31,"Bronx","210",311,887
"1691",2019-10-31,"Bronx","211",447,1099
"1692",2019-10-31,"Bronx","212",771,278
"1693",2019-10-31,"Brooklyn","301",306,851
"1694",2019-10-31,"Brooklyn","302",340,821
"1695",2019-10-31,"Brooklyn","303",830,232
"1696",2019-10-31,"Brooklyn","304",423,1017
"1697",2019-10-31,"Brooklyn","305",94,589
"1698",2019-10-31,"Brooklyn","306",198,658
"1699",2019-10-31,"Brooklyn","307",171,629
"1700",2019-10-31,"Brooklyn","308",478,1056
"1701",2019-10-31,"Brooklyn","309",406,945
"1702",2019-10-31,"Brooklyn","310",602,348
"1703",2019-10-31,"Brooklyn","311",153,596
"1704",2019-10-31,"Brooklyn","312",664,357
"1705",2019-10-31,"Brooklyn","313",276,804
"1706",2019-10-31,"Brooklyn","314",365,910
"1707",2019-10-31,"Brooklyn","315",158,404
"1708",2019-10-31,"Brooklyn","316",665,146
"1709",2019-10-31,"Brooklyn","317",597,56
"1710",2019-10-31,"Brooklyn","318",448,1064
"1711",2019-10-31,"Manhattan","101",276,827
"1712",2019-10-31,"Manhattan","102",368,841
"1713",2019-10-31,"Manhattan","103",392,917
"1714",2019-10-31,"Manhattan","104",255,678
"1715",2019-10-31,"Manhattan","105",694,333
"1716",2019-10-31,"Manhattan","106",159,348
"1717",2019-10-31,"Manhattan","107",279,758
"1718",2019-10-31,"Manhattan","108",799,356
"1719",2019-10-31,"Manhattan","109",437,1013
"1720",2019-10-31,"Manhattan","110",699,94
"1721",2019-10-31,"Manhattan","111",691,78
"1722",2019-10-31,"Manhattan","112",448,1026
"1723",2019-10-31,"Queens","401",539,981
"1724",2019-10-31,"Queens","402",348,781
"1725",2019-10-31,"Queens","403",208,680
"1726",2019-10-31,"Queens","404",192,647
"1727",2019-10-31,"Queens","405",174,625
"1728",2019-10-31,"Queens","406",390,895
"1729",2019-10-31,"Queens","407",180,644
"1730",2019-10-31,"Queens","408",221,689
"1731",2019-10-31,"Queens","409",231,717
"1732",2019-10-31,"Queens","410",197,659
"1733",2019-10-31,"Queens","411",282,769
"1734",2019-10-31,"Queens","412",788,233
"1735",2019-10-31,"Queens","413",413,1021
"1736",2019-10-31,"Queens","414",548,34
"1737",2019-11-30,"Bronx","201",824,463
"1738",2019-11-30,"Bronx","202",503,26
"1739",2019-11-30,"Bronx","203",732,282
"1740",2019-11-30,"Bronx","204",5,519
"1741",2019-11-30,"Bronx","205",803,452
"1742",2019-11-30,"Bronx","206",642,160
"1743",2019-11-30,"Bronx","207",593,67
"1744",2019-11-30,"Bronx","208",229,748
"1745",2019-11-30,"Bronx","209",766,304
"1746",2019-11-30,"Bronx","210",309,892
"1747",2019-11-30,"Bronx","211",456,1102
"1748",2019-11-30,"Bronx","212",773,293
"1749",2019-11-30,"Brooklyn","301",305,849
"1750",2019-11-30,"Brooklyn","302",333,817
"1751",2019-11-30,"Brooklyn","303",843,244
"1752",2019-11-30,"Brooklyn","304",421,1021
"1753",2019-11-30,"Brooklyn","305",92,585
"1754",2019-11-30,"Brooklyn","306",193,651
"1755",2019-11-30,"Brooklyn","307",178,631
"1756",2019-11-30,"Brooklyn","308",477,1045
"1757",2019-11-30,"Brooklyn","309",402,950
"1758",2019-11-30,"Brooklyn","310",613,349
"1759",2019-11-30,"Brooklyn","311",157,603
"1760",2019-11-30,"Brooklyn","312",737,369
"1761",2019-11-30,"Brooklyn","313",277,800
"1762",2019-11-30,"Brooklyn","314",355,888
"1763",2019-11-30,"Brooklyn","315",156,396
"1764",2019-11-30,"Brooklyn","316",660,132
"1765",2019-11-30,"Brooklyn","317",593,49
"1766",2019-11-30,"Brooklyn","318",462,1076
"1767",2019-11-30,"Manhattan","101",283,820
"1768",2019-11-30,"Manhattan","102",399,857
"1769",2019-11-30,"Manhattan","103",393,932
"1770",2019-11-30,"Manhattan","104",269,714
"1771",2019-11-30,"Manhattan","105",726,337
"1772",2019-11-30,"Manhattan","106",164,352
"1773",2019-11-30,"Manhattan","107",268,746
"1774",2019-11-30,"Manhattan","108",790,358
"1775",2019-11-30,"Manhattan","109",429,1005
"1776",2019-11-30,"Manhattan","110",682,88
"1777",2019-11-30,"Manhattan","111",684,91
"1778",2019-11-30,"Manhattan","112",452,1019
"1779",2019-11-30,"Queens","401",540,986
"1780",2019-11-30,"Queens","402",353,783
"1781",2019-11-30,"Queens","403",196,664
"1782",2019-11-30,"Queens","404",188,639
"1783",2019-11-30,"Queens","405",177,621
"1784",2019-11-30,"Queens","406",390,923
"1785",2019-11-30,"Queens","407",179,635
"1786",2019-11-30,"Queens","408",235,718
"1787",2019-11-30,"Queens","409",232,733
"1788",2019-11-30,"Queens","410",198,666
"1789",2019-11-30,"Queens","411",227,712
"1790",2019-11-30,"Queens","412",798,245
"1791",2019-11-30,"Queens","413",408,1013
"1792",2019-11-30,"Queens","414",531,25
"1793",2019-12-31,"Bronx","201",1611,1245
"1794",2019-12-31,"Bronx","202",932,2501
"1795",2019-12-31,"Bronx","203",1524,1170
"1796",2019-12-31,"Bronx","204",1592,1313
"1797",2019-12-31,"Bronx","205",1634,1238
"1798",2019-12-31,"Bronx","206",1483,1087
"1799",2019-12-31,"Bronx","207",1257,2174
"1800",2019-12-31,"Bronx","208",1545,2294
"1801",2019-12-31,"Bronx","209",1576,1204
"1802",2019-12-31,"Bronx","210",1287,2770
"1803",2019-12-31,"Bronx","211",879,2348
"1804",2019-12-31,"Bronx","212",1639,1225
"1805",2019-12-31,"Brooklyn","301",1251,1817
"1806",2019-12-31,"Brooklyn","302",1107,1740
"1807",2019-12-31,"Brooklyn","303",1567,1252
"1808",2019-12-31,"Brooklyn","304",914,2536
"1809",2019-12-31,"Brooklyn","305",1296,1791
"1810",2019-12-31,"Brooklyn","306",1355,2051
"1811",2019-12-31,"Brooklyn","307",1184,1965
"1812",2019-12-31,"Brooklyn","308",808,2299
"1813",2019-12-31,"Brooklyn","309",767,2086
"1814",2019-12-31,"Brooklyn","310",1285,2128
"1815",2019-12-31,"Brooklyn","311",1191,1921
"1816",2019-12-31,"Brooklyn","312",1046,2642
"1817",2019-12-31,"Brooklyn","313",1348,1950
"1818",2019-12-31,"Brooklyn","314",681,1986
"1819",2019-12-31,"Brooklyn","315",1157,2759
"1820",2019-12-31,"Brooklyn","316",1388,1136
"1821",2019-12-31,"Brooklyn","317",1231,2144
"1822",2019-12-31,"Brooklyn","318",928,2374
"1823",2019-12-31,"Manhattan","101",1280,1957
"1824",2019-12-31,"Manhattan","102",1008,1247
"1825",2019-12-31,"Manhattan","103",905,2293
"1826",2019-12-31,"Manhattan","104",891,1407
"1827",2019-12-31,"Manhattan","105",1285,2910
"1828",2019-12-31,"Manhattan","106",1025,2270
"1829",2019-12-31,"Manhattan","107",957,1420
"1830",2019-12-31,"Manhattan","108",1498,2214
"1831",2019-12-31,"Manhattan","109",836,2208
"1832",2019-12-31,"Manhattan","110",1511,2288
"1833",2019-12-31,"Manhattan","111",1363,2219
"1834",2019-12-31,"Manhattan","112",806,2345
"1835",2019-12-31,"Queens","401",1393,2192
"1836",2019-12-31,"Queens","402",901,1744
"1837",2019-12-31,"Queens","403",1463,2127
"1838",2019-12-31,"Queens","404",1821,1812
"1839",2019-12-31,"Queens","405",1259,2065
"1840",2019-12-31,"Queens","406",998,1687
"1841",2019-12-31,"Queens","407",1924,1809
"1842",2019-12-31,"Queens","408",1510,1122
"1843",2019-12-31,"Queens","409",1560,2178
"1844",2019-12-31,"Queens","410",1345,2062
"1845",2019-12-31,"Queens","411",871,1485
"1846",2019-12-31,"Queens","412",1719,1255
"1847",2019-12-31,"Queens","413",815,2235
"1848",2019-12-31,"Queens","414",1067,2816
"1849",2019-12-31,"Staten Island","501",1030,1704
"1850",2019-12-31,"Staten Island","502",1368,1977
"1851",2019-12-31,"Staten Island","503",918,1458
